draw,rows,mode,patterns,auc
0,20,distinct,20,0.5756302521008403
0,20,duplicated,18,0.6460084033613445
0,40,distinct,40,0.6260504201680672
0,40,duplicated,34,0.5714285714285714
0,60,distinct,60,0.6523109243697479
0,60,duplicated,43,0.6113445378151261
0,80,distinct,80,0.6281512605042017
0,80,duplicated,52,0.6460084033613446
0,100,distinct,100,0.667016806722689
0,100,duplicated,72,0.6512605042016808
0,130,distinct,130,0.703781512605042
0,130,duplicated,79,0.6659663865546219
0,160,distinct,160,0.6890756302521008
0,160,duplicated,94,0.6554621848739496
0,186,distinct,186,0.6796218487394958
0,186,duplicated,99,0.6733193277310925
1,20,distinct,20,0.5651260504201681
1,20,duplicated,15,0.5157563025210083
1,40,distinct,40,0.5336134453781513
1,40,duplicated,33,0.5997899159663865
1,60,distinct,60,0.5871848739495799
1,60,duplicated,49,0.5462184873949579
1,80,distinct,80,0.7352941176470588
1,80,duplicated,51,0.6418067226890757
1,100,distinct,100,0.6932773109243697
1,100,duplicated,66,0.5892857142857143
1,130,distinct,130,0.6386554621848739
1,130,duplicated,79,0.6911764705882353
1,160,distinct,160,0.740546218487395
1,160,duplicated,99,0.6523109243697479
1,186,distinct,186,0.7111344537815126
1,186,duplicated,108,0.5766806722689076
2,20,distinct,20,0.5409663865546219
2,20,duplicated,18,0.5535714285714286
2,40,distinct,40,0.5472689075630252
2,40,duplicated,30,0.6071428571428572
2,60,distinct,60,0.6407563025210083
2,60,duplicated,43,0.5735294117647058
2,80,distinct,80,0.6974789915966386
2,80,duplicated,52,0.6144957983193278
2,100,distinct,100,0.6523109243697478
2,100,duplicated,71,0.6754201680672268
2,130,distinct,130,0.6964285714285714
2,130,duplicated,80,0.6376050420168067
2,160,distinct,160,0.7668067226890757
2,160,duplicated,96,0.6890756302521008
2,186,distinct,186,0.7300420168067226
2,186,duplicated,102,0.6911764705882353
3,20,distinct,20,0.4920634920634921
3,20,duplicated,18,0.7386243386243385
3,40,distinct,40,0.5862433862433862
3,40,duplicated,33,0.6973544973544974
3,60,distinct,60,0.7407407407407407
3,60,duplicated,38,0.7544973544973544
3,80,distinct,80,0.4804232804232804
3,80,duplicated,56,0.7015873015873015
3,100,distinct,100,0.6
3,100,duplicated,70,0.7365079365079366
3,130,distinct,130,0.6825396825396826
3,130,duplicated,87,0.6888888888888889
3,160,distinct,160,0.653968253968254
3,160,duplicated,93,0.783068783068783
3,186,distinct,186,0.692063492063492
3,186,duplicated,99,0.6825396825396826
4,20,distinct,20,0.6348684210526316
4,20,duplicated,18,0.45833333333333337
4,40,distinct,40,0.5910087719298246
4,40,duplicated,35,0.6228070175438597
4,60,distinct,60,0.7017543859649122
4,60,duplicated,50,0.5942982456140351
4,80,distinct,80,0.6765350877192983
4,80,duplicated,55,0.7138157894736842
4,100,distinct,100,0.6721491228070176
4,100,duplicated,62,0.6776315789473685
4,130,distinct,130,0.6940789473684211
4,130,duplicated,84,0.7927631578947368
4,160,distinct,160,0.7017543859649122
4,160,duplicated,93,0.7554824561403508
4,186,distinct,186,0.6842105263157894
4,186,duplicated,108,0.7587719298245614
5,20,distinct,20,0.5363247863247863
5,20,duplicated,16,0.6185897435897435
5,40,distinct,40,0.5779914529914529
5,40,duplicated,31,0.5790598290598291
5,60,distinct,60,0.6698717948717948
5,60,duplicated,44,0.6677350427350428
5,80,distinct,80,0.5822649572649573
5,80,duplicated,52,0.6474358974358974
5,100,distinct,100,0.6613247863247863
5,100,duplicated,68,0.6944444444444444
5,130,distinct,130,0.704059829059829
5,130,duplicated,81,0.670940170940171
5,160,distinct,160,0.6773504273504273
5,160,duplicated,94,0.6623931623931624
5,186,distinct,186,0.716880341880342
5,186,duplicated,105,0.7072649572649573
6,20,distinct,20,0.48333333333333334
6,20,duplicated,20,0.5067708333333333
6,40,distinct,40,0.5364583333333333
6,40,duplicated,31,0.5499999999999999
6,60,distinct,60,0.5552083333333333
6,60,duplicated,50,0.5187499999999999
6,80,distinct,80,0.5614583333333334
6,80,duplicated,64,0.540625
6,100,distinct,100,0.5635416666666666
6,100,duplicated,70,0.5385416666666667
6,130,distinct,130,0.625
6,130,duplicated,91,0.5395833333333333
6,160,distinct,160,0.5666666666666667
6,160,duplicated,95,0.5718749999999999
6,186,distinct,186,0.6135416666666667
6,186,duplicated,103,0.6052083333333332
7,20,distinct,20,0.6548347613219094
7,20,duplicated,18,0.773561811505508
7,40,distinct,40,0.5826193390452876
7,40,duplicated,31,0.627906976744186
7,60,distinct,60,0.6878824969400243
7,60,duplicated,45,0.6474908200734394
7,80,distinct,80,0.6707466340269277
7,80,duplicated,58,0.6328029375764994
7,100,distinct,100,0.6572827417380661
7,100,duplicated,71,0.6585067319461444
7,130,distinct,130,0.7711138310893513
7,130,duplicated,75,0.6817625458996328
7,160,distinct,160,0.6940024479804161
7,160,duplicated,91,0.7074663402692778
7,186,distinct,186,0.7001223990208079
7,186,duplicated,101,0.6952264381884944
8,20,distinct,20,0.559375
8,20,duplicated,20,0.625
8,40,distinct,40,0.5645833333333333
8,40,duplicated,34,0.6479166666666667
8,60,distinct,60,0.6552083333333334
8,60,duplicated,49,0.7041666666666666
8,80,distinct,80,0.6885416666666666
8,80,duplicated,59,0.7041666666666667
8,100,distinct,100,0.684375
8,100,duplicated,71,0.7260416666666667
8,130,distinct,130,0.7166666666666667
8,130,duplicated,76,0.7052083333333333
8,160,distinct,160,0.6958333333333333
8,160,duplicated,94,0.7437500000000001
8,186,distinct,186,0.7572916666666666
8,186,duplicated,102,0.7447916666666667
9,20,distinct,20,0.5943181818181817
9,20,duplicated,17,0.7397727272727272
9,40,distinct,40,0.6840909090909091
9,40,duplicated,33,0.6022727272727273
9,60,distinct,60,0.6613636363636364
9,60,duplicated,47,0.7829545454545455
9,80,distinct,80,0.6681818181818182
9,80,duplicated,54,0.6795454545454545
9,100,distinct,100,0.7034090909090909
9,100,duplicated,68,0.7545454545454545
9,130,distinct,130,0.6636363636363637
9,130,duplicated,87,0.6897727272727273
9,160,distinct,160,0.7147727272727271
9,160,duplicated,95,0.7454545454545454
9,186,distinct,186,0.7534090909090909
9,186,duplicated,111,0.825
10,20,distinct,20,0.5283613445378151
10,20,duplicated,18,0.4894957983193277
10,40,distinct,40,0.5672268907563025
10,40,duplicated,31,0.5231092436974789
10,60,distinct,60,0.528361344537815
10,60,duplicated,51,0.5325630252100839
10,80,distinct,80,0.5682773109243697
10,80,duplicated,58,0.6029411764705882
10,100,distinct,100,0.6439075630252101
10,100,duplicated,63,0.513655462184874
10,130,distinct,130,0.6355042016806722
10,130,duplicated,84,0.5420168067226891
10,160,distinct,160,0.5777310924369748
10,160,duplicated,97,0.5514705882352942
10,186,distinct,186,0.6008403361344538
10,186,duplicated,105,0.6197478991596639
11,20,distinct,20,0.5754422476586889
11,20,duplicated,17,0.6368366285119667
11,40,distinct,40,0.6170655567117587
11,40,duplicated,38,0.6451612903225807
11,60,distinct,60,0.3735691987513007
11,60,duplicated,49,0.610822060353798
11,80,distinct,80,0.518210197710718
11,80,duplicated,51,0.6701352757544223
11,100,distinct,100,0.6160249739854319
11,100,duplicated,73,0.6045785639958376
11,130,distinct,130,0.6233090530697191
11,130,duplicated,80,0.6129032258064516
11,160,distinct,160,0.5577523413111343
11,160,duplicated,96,0.6555671175858482
11,186,distinct,186,0.5660770031217481
11,186,duplicated,107,0.6108220603537982
12,20,distinct,20,0.6365546218487395
12,20,duplicated,19,0.6481092436974789
12,40,distinct,40,0.5357142857142858
12,40,duplicated,29,0.5567226890756303
12,60,distinct,60,0.6302521008403361
12,60,duplicated,43,0.6302521008403361
12,80,distinct,80,0.5672268907563025
12,80,duplicated,61,0.6355042016806722
12,100,distinct,100,0.5483193277310925
12,100,duplicated,69,0.6386554621848739
12,130,distinct,130,0.5672268907563025
12,130,duplicated,82,0.6617647058823529
12,160,distinct,160,0.6491596638655462
12,160,duplicated,101,0.6407563025210083
12,186,distinct,186,0.6334033613445378
12,186,duplicated,98,0.7216386554621849
13,20,distinct,20,0.5378151260504203
13,20,duplicated,20,0.7205882352941176
13,40,distinct,40,0.5850840336134453
13,40,duplicated,33,0.6754201680672268
13,60,distinct,60,0.6334033613445378
13,60,duplicated,50,0.7363445378151261
13,80,distinct,80,0.6733193277310925
13,80,duplicated,58,0.7006302521008403
13,100,distinct,100,0.6470588235294118
13,100,duplicated,65,0.7394957983193278
13,130,distinct,130,0.6649159663865547
13,130,duplicated,74,0.7636554621848739
13,160,distinct,160,0.657563025210084
13,160,duplicated,80,0.7415966386554622
13,186,distinct,186,0.6869747899159664
13,186,duplicated,102,0.6796218487394958
14,20,distinct,20,0.477533960292581
14,20,duplicated,19,0.43573667711598746
14,40,distinct,40,0.644723092998955
14,40,duplicated,35,0.7074190177638453
14,60,distinct,60,0.6280041797283177
14,60,duplicated,50,0.6603970741901776
14,80,distinct,80,0.61337513061651
14,80,duplicated,57,0.6844305120167189
14,100,distinct,100,0.5851619644723093
14,100,duplicated,69,0.6645768025078369
14,130,distinct,130,0.6603970741901777
14,130,duplicated,92,0.67816091954023
14,160,distinct,160,0.6374085684430512
14,160,duplicated,93,0.6698014629049112
14,186,distinct,186,0.6478578892371996
14,186,duplicated,113,0.7335423197492164
15,20,distinct,20,0.5661375661375662
15,20,duplicated,19,0.5767195767195766
15,40,distinct,40,0.6412698412698412
15,40,duplicated,31,0.6126984126984127
15,60,distinct,60,0.6137566137566137
15,60,duplicated,46,0.584126984126984
15,80,distinct,80,0.6105820105820106
15,80,duplicated,63,0.5703703703703704
15,100,distinct,100,0.602116402116402
15,100,duplicated,71,0.602116402116402
15,130,distinct,130,0.6518518518518519
15,130,duplicated,85,0.6698412698412698
15,160,distinct,160,0.6222222222222222
15,160,duplicated,94,0.6370370370370371
15,186,distinct,186,0.6423280423280423
15,186,duplicated,100,0.6687830687830687
16,20,distinct,20,0.5806451612903225
16,20,duplicated,18,0.5244536940686784
16,40,distinct,40,0.6420395421436005
16,40,duplicated,34,0.5473465140478668
16,60,distinct,60,0.6472424557752341
16,60,duplicated,42,0.5744016649323621
16,80,distinct,80,0.6253902185223725
16,80,duplicated,60,0.6649323621227887
16,100,distinct,100,0.7117585848074922
16,100,duplicated,67,0.5879292403746098
16,130,distinct,130,0.6399583766909469
16,130,duplicated,83,0.6056191467221644
16,160,distinct,160,0.6836628511966703
16,160,duplicated,92,0.5983350676378772
16,186,distinct,186,0.704474505723205
16,186,duplicated,90,0.6597294484911551
17,20,distinct,20,0.6470588235294117
17,20,duplicated,20,0.6670168067226891
17,40,distinct,40,0.6670168067226891
17,40,duplicated,34,0.6995798319327731
17,60,distinct,60,0.6418067226890756
17,60,duplicated,46,0.6376050420168067
17,80,distinct,80,0.7216386554621849
17,80,duplicated,60,0.7195378151260504
17,100,distinct,100,0.6523109243697479
17,100,duplicated,61,0.6838235294117647
17,130,distinct,130,0.6365546218487396
17,130,duplicated,81,0.6911764705882353
17,160,distinct,160,0.6691176470588235
17,160,duplicated,94,0.7048319327731093
17,186,distinct,186,0.671218487394958
17,186,duplicated,103,0.6901260504201682
18,20,distinct,20,0.5724867724867725
18,20,duplicated,18,0.5195767195767196
18,40,distinct,40,0.5841269841269842
18,40,duplicated,34,0.5619047619047619
18,60,distinct,60,0.5301587301587302
18,60,duplicated,42,0.5576719576719577
18,80,distinct,80,0.5767195767195767
18,80,duplicated,56,0.5100529100529101
18,100,distinct,100,0.5227513227513227
18,100,duplicated,69,0.5894179894179895
18,130,distinct,130,0.5904761904761905
18,130,duplicated,78,0.6412698412698412
18,160,distinct,160,0.6158730158730159
18,160,duplicated,88,0.5957671957671957
18,186,distinct,186,0.5777777777777777
18,186,duplicated,108,0.5936507936507937
19,20,distinct,20,0.5015673981191222
19,20,duplicated,19,0.5830721003134797
19,40,distinct,40,0.5381400208986415
19,40,duplicated,32,0.5768025078369906
19,60,distinct,60,0.6781609195402298
19,60,duplicated,49,0.6886102403343782
19,80,distinct,80,0.5768025078369906
19,80,duplicated,53,0.6666666666666666
19,100,distinct,100,0.7345872518286313
19,100,duplicated,62,0.6948798328108673
19,130,distinct,130,0.7439916405433648
19,130,duplicated,74,0.6656217345872518
19,160,distinct,160,0.677115987460815
19,160,duplicated,90,0.6509926854754442
19,186,distinct,186,0.7063740856844305
19,186,duplicated,100,0.6729362591431557
20,20,distinct,20,0.6097297297297297
20,20,duplicated,20,0.6172972972972973
20,40,distinct,40,0.5254054054054054
20,40,duplicated,32,0.6367567567567567
20,60,distinct,60,0.5848648648648649
20,60,duplicated,42,0.3772972972972973
20,80,distinct,80,0.5545945945945946
20,80,duplicated,66,0.5783783783783784
20,100,distinct,100,0.5881081081081081
20,100,duplicated,67,0.5643243243243243
20,130,distinct,130,0.48648648648648646
20,130,duplicated,77,0.5135135135135136
20,160,distinct,160,0.5318918918918918
20,160,duplicated,95,0.6432432432432432
20,186,distinct,186,0.5556756756756757
20,186,duplicated,104,0.6108108108108108
21,20,distinct,20,0.5026455026455026
21,20,duplicated,20,0.5449735449735449
21,40,distinct,40,0.6285714285714286
21,40,duplicated,33,0.673015873015873
21,60,distinct,60,0.6592592592592592
21,60,duplicated,52,0.62010582010582
21,80,distinct,80,0.5968253968253968
21,80,duplicated,56,0.6116402116402118
21,100,distinct,100,0.6857142857142858
21,100,duplicated,69,0.6158730158730158
21,130,distinct,130,0.6624338624338625
21,130,duplicated,78,0.5989417989417989
21,160,distinct,160,0.5724867724867725
21,160,duplicated,89,0.6275132275132275
21,186,distinct,186,0.637037037037037
21,186,duplicated,113,0.5608465608465609
22,20,distinct,20,0.5241596638655462
22,20,duplicated,20,0.47478991596638664
22,40,distinct,40,0.39075630252100846
22,40,duplicated,33,0.5021008403361344
22,60,distinct,60,0.48634453781512604
22,60,duplicated,41,0.5871848739495799
22,80,distinct,80,0.6428571428571429
22,80,duplicated,52,0.6460084033613446
22,100,distinct,100,0.6207983193277311
22,100,duplicated,74,0.7016806722689075
22,130,distinct,130,0.6785714285714286
22,130,duplicated,79,0.689075630252101
22,160,distinct,160,0.5976890756302521
22,160,duplicated,97,0.5640756302521008
22,186,distinct,186,0.661764705882353
22,186,duplicated,94,0.6995798319327731
23,20,distinct,20,0.4857456140350877
23,20,duplicated,18,0.6315789473684211
23,40,distinct,40,0.48464912280701755
23,40,duplicated,37,0.6239035087719298
23,60,distinct,60,0.5822368421052632
23,60,duplicated,43,0.5811403508771931
23,80,distinct,80,0.5997807017543859
23,80,duplicated,59,0.6524122807017544
23,100,distinct,100,0.6085526315789475
23,100,duplicated,64,0.606359649122807
23,130,distinct,130,0.6337719298245614
23,130,duplicated,79,0.667763157894737
23,160,distinct,160,0.6480263157894737
23,160,duplicated,97,0.6162280701754386
23,186,distinct,186,0.6195175438596491
23,186,duplicated,110,0.668859649122807
24,20,distinct,20,0.5569487983281086
24,20,duplicated,20,0.6353187042842214
24,40,distinct,40,0.4535005224660397
24,40,duplicated,34,0.5151515151515151
24,60,distinct,60,0.6112852664576802
24,60,duplicated,50,0.5977011494252873
24,80,distinct,80,0.5214211076280041
24,80,duplicated,56,0.5820271682340648
24,100,distinct,100,0.5444096133751306
24,100,duplicated,67,0.5350052246603971
24,130,distinct,130,0.5851619644723093
24,130,duplicated,77,0.5799373040752351
24,160,distinct,160,0.6102403343782654
24,160,duplicated,88,0.6091954022988506
24,186,distinct,186,0.6280041797283177
24,186,duplicated,109,0.6206896551724138
