rep,Method,Accuracy,Cells
0,Marginal sampling,0.3688888888888889,225
0,Mode,0.4533333333333333,225
0,"KNN (Hamming, k=7)",0.5333333333333333,225
0,MICE (logistic),0.4666666666666667,225
0,MICE (random forest),0.49333333333333335,225
0,Iterative MCA (2 dims),0.48444444444444446,225
1,Marginal sampling,0.3756345177664975,197
1,Mode,0.41116751269035534,197
1,"KNN (Hamming, k=7)",0.4517766497461929,197
1,MICE (logistic),0.48223350253807107,197
1,MICE (random forest),0.5025380710659898,197
1,Iterative MCA (2 dims),0.4517766497461929,197
2,Marginal sampling,0.36771300448430494,223
2,Mode,0.452914798206278,223
2,"KNN (Hamming, k=7)",0.484304932735426,223
2,MICE (logistic),0.4663677130044843,223
2,MICE (random forest),0.4977578475336323,223
2,Iterative MCA (2 dims),0.4798206278026906,223
3,Marginal sampling,0.3522267206477733,247
3,Mode,0.41295546558704455,247
3,"KNN (Hamming, k=7)",0.5020242914979757,247
3,MICE (logistic),0.5020242914979757,247
3,MICE (random forest),0.48582995951417,247
3,Iterative MCA (2 dims),0.4534412955465587,247
4,Marginal sampling,0.30180180180180183,222
4,Mode,0.42342342342342343,222
4,"KNN (Hamming, k=7)",0.5405405405405406,222
4,MICE (logistic),0.49099099099099097,222
4,MICE (random forest),0.481981981981982,222
4,Iterative MCA (2 dims),0.4189189189189189,222
5,Marginal sampling,0.4189189189189189,222
5,Mode,0.40540540540540543,222
5,"KNN (Hamming, k=7)",0.46846846846846846,222
5,MICE (logistic),0.4774774774774775,222
5,MICE (random forest),0.527027027027027,222
5,Iterative MCA (2 dims),0.4864864864864865,222
6,Marginal sampling,0.3333333333333333,213
6,Mode,0.40375586854460094,213
6,"KNN (Hamming, k=7)",0.4694835680751174,213
6,MICE (logistic),0.49295774647887325,213
6,MICE (random forest),0.4507042253521127,213
6,Iterative MCA (2 dims),0.4272300469483568,213
7,Marginal sampling,0.3951219512195122,205
7,Mode,0.4634146341463415,205
7,"KNN (Hamming, k=7)",0.5219512195121951,205
7,MICE (logistic),0.5121951219512195,205
7,MICE (random forest),0.5609756097560976,205
7,Iterative MCA (2 dims),0.4585365853658537,205
8,Marginal sampling,0.3463414634146341,205
8,Mode,0.3853658536585366,205
8,"KNN (Hamming, k=7)",0.4878048780487805,205
8,MICE (logistic),0.44878048780487806,205
8,MICE (random forest),0.4975609756097561,205
8,Iterative MCA (2 dims),0.47804878048780486,205
9,Marginal sampling,0.3302752293577982,218
9,Mode,0.44036697247706424,218
9,"KNN (Hamming, k=7)",0.41743119266055045,218
9,MICE (logistic),0.47706422018348627,218
9,MICE (random forest),0.4908256880733945,218
9,Iterative MCA (2 dims),0.4908256880733945,218
10,Marginal sampling,0.32751091703056767,229
10,Mode,0.3624454148471616,229
10,"KNN (Hamming, k=7)",0.4847161572052402,229
10,MICE (logistic),0.4759825327510917,229
10,MICE (random forest),0.49344978165938863,229
10,Iterative MCA (2 dims),0.4410480349344978,229
11,Marginal sampling,0.3842364532019704,203
11,Mode,0.45320197044334976,203
11,"KNN (Hamming, k=7)",0.5024630541871922,203
11,MICE (logistic),0.46798029556650245,203
11,MICE (random forest),0.5221674876847291,203
11,Iterative MCA (2 dims),0.43842364532019706,203
12,Marginal sampling,0.3925233644859813,214
12,Mode,0.34579439252336447,214
12,"KNN (Hamming, k=7)",0.5,214
12,MICE (logistic),0.5280373831775701,214
12,MICE (random forest),0.4719626168224299,214
12,Iterative MCA (2 dims),0.4672897196261682,214
13,Marginal sampling,0.328125,192
13,Mode,0.4322916666666667,192
13,"KNN (Hamming, k=7)",0.4895833333333333,192
13,MICE (logistic),0.4427083333333333,192
13,MICE (random forest),0.4739583333333333,192
13,Iterative MCA (2 dims),0.484375,192
14,Marginal sampling,0.3698630136986301,219
14,Mode,0.4429223744292237,219
14,"KNN (Hamming, k=7)",0.5068493150684932,219
14,MICE (logistic),0.5114155251141552,219
14,MICE (random forest),0.5205479452054794,219
14,Iterative MCA (2 dims),0.4200913242009132,219
15,Marginal sampling,0.30416666666666664,240
15,Mode,0.42916666666666664,240
15,"KNN (Hamming, k=7)",0.44583333333333336,240
15,MICE (logistic),0.5125,240
15,MICE (random forest),0.44166666666666665,240
15,Iterative MCA (2 dims),0.49583333333333335,240
16,Marginal sampling,0.3284313725490196,204
16,Mode,0.4166666666666667,204
16,"KNN (Hamming, k=7)",0.5098039215686274,204
16,MICE (logistic),0.5147058823529411,204
16,MICE (random forest),0.5441176470588235,204
16,Iterative MCA (2 dims),0.4362745098039216,204
17,Marginal sampling,0.391705069124424,217
17,Mode,0.47465437788018433,217
17,"KNN (Hamming, k=7)",0.5161290322580645,217
17,MICE (logistic),0.4700460829493088,217
17,MICE (random forest),0.5069124423963134,217
17,Iterative MCA (2 dims),0.45161290322580644,217
18,Marginal sampling,0.42786069651741293,201
18,Mode,0.47761194029850745,201
18,"KNN (Hamming, k=7)",0.5174129353233831,201
18,MICE (logistic),0.48258706467661694,201
18,MICE (random forest),0.5373134328358209,201
18,Iterative MCA (2 dims),0.472636815920398,201
19,Marginal sampling,0.3593073593073593,231
19,Mode,0.36796536796536794,231
19,"KNN (Hamming, k=7)",0.4588744588744589,231
19,MICE (logistic),0.4025974025974026,231
19,MICE (random forest),0.4458874458874459,231
19,Iterative MCA (2 dims),0.41125541125541126,231
20,Marginal sampling,0.3920704845814978,227
20,Mode,0.4052863436123348,227
20,"KNN (Hamming, k=7)",0.47577092511013214,227
20,MICE (logistic),0.5110132158590308,227
20,MICE (random forest),0.5286343612334802,227
20,Iterative MCA (2 dims),0.43612334801762115,227
21,Marginal sampling,0.35,240
21,Mode,0.44166666666666665,240
21,"KNN (Hamming, k=7)",0.4708333333333333,240
21,MICE (logistic),0.44166666666666665,240
21,MICE (random forest),0.4583333333333333,240
21,Iterative MCA (2 dims),0.4583333333333333,240
22,Marginal sampling,0.3244444444444444,225
22,Mode,0.4533333333333333,225
22,"KNN (Hamming, k=7)",0.47555555555555556,225
22,MICE (logistic),0.43555555555555553,225
22,MICE (random forest),0.49333333333333335,225
22,Iterative MCA (2 dims),0.44,225
23,Marginal sampling,0.30412371134020616,194
23,Mode,0.4329896907216495,194
23,"KNN (Hamming, k=7)",0.41237113402061853,194
23,MICE (logistic),0.4587628865979381,194
23,MICE (random forest),0.4845360824742268,194
23,Iterative MCA (2 dims),0.39690721649484534,194
24,Marginal sampling,0.4189189189189189,222
24,Mode,0.4369369369369369,222
24,"KNN (Hamming, k=7)",0.4594594594594595,222
24,MICE (logistic),0.4774774774774775,222
24,MICE (random forest),0.46846846846846846,222
24,Iterative MCA (2 dims),0.46396396396396394,222
25,Marginal sampling,0.37320574162679426,209
25,Mode,0.4784688995215311,209
25,"KNN (Hamming, k=7)",0.507177033492823,209
25,MICE (logistic),0.5023923444976076,209
25,MICE (random forest),0.5023923444976076,209
25,Iterative MCA (2 dims),0.4784688995215311,209
26,Marginal sampling,0.44052863436123346,227
26,Mode,0.3744493392070485,227
26,"KNN (Hamming, k=7)",0.4933920704845815,227
26,MICE (logistic),0.4581497797356828,227
26,MICE (random forest),0.5154185022026432,227
26,Iterative MCA (2 dims),0.4845814977973568,227
27,Marginal sampling,0.38461538461538464,208
27,Mode,0.41346153846153844,208
27,"KNN (Hamming, k=7)",0.5336538461538461,208
27,MICE (logistic),0.47596153846153844,208
27,MICE (random forest),0.49038461538461536,208
27,Iterative MCA (2 dims),0.4567307692307692,208
28,Marginal sampling,0.3611111111111111,252
28,Mode,0.40476190476190477,252
28,"KNN (Hamming, k=7)",0.503968253968254,252
28,MICE (logistic),0.48412698412698413,252
28,MICE (random forest),0.48412698412698413,252
28,Iterative MCA (2 dims),0.48412698412698413,252
29,Marginal sampling,0.3613861386138614,202
29,Mode,0.4504950495049505,202
29,"KNN (Hamming, k=7)",0.47029702970297027,202
29,MICE (logistic),0.4900990099009901,202
29,MICE (random forest),0.4504950495049505,202
29,Iterative MCA (2 dims),0.4801980198019802,202
