rep,Method,Item,Accuracy
0,Marginal sampling,Age,0.2631578947368421
0,Marginal sampling,Feeling sad or Tearful,0.3181818181818182
0,Marginal sampling,Irritable towards baby & partner,0.30434782608695654
0,Marginal sampling,Trouble sleeping at night,0.3548387096774194
0,Marginal sampling,Problems concentrating or making decision,0.36666666666666664
0,Marginal sampling,Overeating or loss of appetite,0.6666666666666666
0,Marginal sampling,Feeling anxious,0.6111111111111112
0,Marginal sampling,Feeling of guilt,0.28
0,Marginal sampling,Problems of bonding with baby,0.047619047619047616
0,Mode,Age,0.21052631578947367
0,Mode,Feeling sad or Tearful,0.4090909090909091
0,Mode,Irritable towards baby & partner,0.34782608695652173
0,Mode,Trouble sleeping at night,0.4838709677419355
0,Mode,Problems concentrating or making decision,0.3
0,Mode,Overeating or loss of appetite,0.8333333333333334
0,Mode,Feeling anxious,0.8333333333333334
0,Mode,Feeling of guilt,0.16
0,Mode,Problems of bonding with baby,0.38095238095238093
0,"KNN (Hamming, k=7)",Age,0.15789473684210525
0,"KNN (Hamming, k=7)",Feeling sad or Tearful,0.5454545454545454
0,"KNN (Hamming, k=7)",Irritable towards baby & partner,0.391304347826087
0,"KNN (Hamming, k=7)",Trouble sleeping at night,0.6129032258064516
0,"KNN (Hamming, k=7)",Problems concentrating or making decision,0.3333333333333333
0,"KNN (Hamming, k=7)",Overeating or loss of appetite,0.7777777777777778
0,"KNN (Hamming, k=7)",Feeling anxious,0.75
0,"KNN (Hamming, k=7)",Feeling of guilt,0.52
0,"KNN (Hamming, k=7)",Problems of bonding with baby,0.6190476190476191
0,MICE (logistic),Age,0.15789473684210525
0,MICE (logistic),Feeling sad or Tearful,0.36363636363636365
0,MICE (logistic),Irritable towards baby & partner,0.391304347826087
0,MICE (logistic),Trouble sleeping at night,0.3225806451612903
0,MICE (logistic),Problems concentrating or making decision,0.36666666666666664
0,MICE (logistic),Overeating or loss of appetite,0.8333333333333334
0,MICE (logistic),Feeling anxious,0.8611111111111112
0,MICE (logistic),Feeling of guilt,0.4
0,MICE (logistic),Problems of bonding with baby,0.38095238095238093
0,MICE (random forest),Age,0.15789473684210525
0,MICE (random forest),Feeling sad or Tearful,0.4090909090909091
0,MICE (random forest),Irritable towards baby & partner,0.43478260869565216
0,MICE (random forest),Trouble sleeping at night,0.45161290322580644
0,MICE (random forest),Problems concentrating or making decision,0.4
0,MICE (random forest),Overeating or loss of appetite,0.7222222222222222
0,MICE (random forest),Feeling anxious,0.8333333333333334
0,MICE (random forest),Feeling of guilt,0.4
0,MICE (random forest),Problems of bonding with baby,0.47619047619047616
0,Iterative MCA (2 dims),Age,0.2631578947368421
0,Iterative MCA (2 dims),Feeling sad or Tearful,0.4090909090909091
0,Iterative MCA (2 dims),Irritable towards baby & partner,0.43478260869565216
0,Iterative MCA (2 dims),Trouble sleeping at night,0.5483870967741935
0,Iterative MCA (2 dims),Problems concentrating or making decision,0.4
0,Iterative MCA (2 dims),Overeating or loss of appetite,0.8333333333333334
0,Iterative MCA (2 dims),Feeling anxious,0.7777777777777778
0,Iterative MCA (2 dims),Feeling of guilt,0.2
0,Iterative MCA (2 dims),Problems of bonding with baby,0.38095238095238093
1,Marginal sampling,Age,0.18181818181818182
1,Marginal sampling,Feeling sad or Tearful,0.21428571428571427
1,Marginal sampling,Irritable towards baby & partner,0.38095238095238093
1,Marginal sampling,Trouble sleeping at night,0.3157894736842105
1,Marginal sampling,Problems concentrating or making decision,0.18181818181818182
1,Marginal sampling,Overeating or loss of appetite,0.75
1,Marginal sampling,Feeling anxious,0.6666666666666666
1,Marginal sampling,Feeling of guilt,0.2727272727272727
1,Marginal sampling,Problems of bonding with baby,0.5
1,Mode,Age,0.4090909090909091
1,Mode,Feeling sad or Tearful,0.32142857142857145
1,Mode,Irritable towards baby & partner,0.2857142857142857
1,Mode,Trouble sleeping at night,0.3684210526315789
1,Mode,Problems concentrating or making decision,0.2727272727272727
1,Mode,Overeating or loss of appetite,0.8
1,Mode,Feeling anxious,0.47619047619047616
1,Mode,Feeling of guilt,0.5909090909090909
1,Mode,Problems of bonding with baby,0.22727272727272727
1,"KNN (Hamming, k=7)",Age,0.045454545454545456
1,"KNN (Hamming, k=7)",Feeling sad or Tearful,0.5
1,"KNN (Hamming, k=7)",Irritable towards baby & partner,0.2857142857142857
1,"KNN (Hamming, k=7)",Trouble sleeping at night,0.5263157894736842
1,"KNN (Hamming, k=7)",Problems concentrating or making decision,0.4090909090909091
1,"KNN (Hamming, k=7)",Overeating or loss of appetite,0.75
1,"KNN (Hamming, k=7)",Feeling anxious,0.6190476190476191
1,"KNN (Hamming, k=7)",Feeling of guilt,0.5454545454545454
1,"KNN (Hamming, k=7)",Problems of bonding with baby,0.4090909090909091
1,MICE (logistic),Age,0.18181818181818182
1,MICE (logistic),Feeling sad or Tearful,0.42857142857142855
1,MICE (logistic),Irritable towards baby & partner,0.2857142857142857
1,MICE (logistic),Trouble sleeping at night,0.7368421052631579
1,MICE (logistic),Problems concentrating or making decision,0.4090909090909091
1,MICE (logistic),Overeating or loss of appetite,0.8
1,MICE (logistic),Feeling anxious,0.6666666666666666
1,MICE (logistic),Feeling of guilt,0.5
1,MICE (logistic),Problems of bonding with baby,0.4090909090909091
1,MICE (random forest),Age,0.13636363636363635
1,MICE (random forest),Feeling sad or Tearful,0.5357142857142857
1,MICE (random forest),Irritable towards baby & partner,0.42857142857142855
1,MICE (random forest),Trouble sleeping at night,0.631578947368421
1,MICE (random forest),Problems concentrating or making decision,0.4090909090909091
1,MICE (random forest),Overeating or loss of appetite,0.8
1,MICE (random forest),Feeling anxious,0.7619047619047619
1,MICE (random forest),Feeling of guilt,0.5454545454545454
1,MICE (random forest),Problems of bonding with baby,0.3181818181818182
1,Iterative MCA (2 dims),Age,0.22727272727272727
1,Iterative MCA (2 dims),Feeling sad or Tearful,0.2857142857142857
1,Iterative MCA (2 dims),Irritable towards baby & partner,0.3333333333333333
1,Iterative MCA (2 dims),Trouble sleeping at night,0.6842105263157895
1,Iterative MCA (2 dims),Problems concentrating or making decision,0.4090909090909091
1,Iterative MCA (2 dims),Overeating or loss of appetite,0.75
1,Iterative MCA (2 dims),Feeling anxious,0.5714285714285714
1,Iterative MCA (2 dims),Feeling of guilt,0.5454545454545454
1,Iterative MCA (2 dims),Problems of bonding with baby,0.36363636363636365
2,Marginal sampling,Age,0.23076923076923078
2,Marginal sampling,Feeling sad or Tearful,0.36
2,Marginal sampling,Irritable towards baby & partner,0.3684210526315789
2,Marginal sampling,Trouble sleeping at night,0.35
2,Marginal sampling,Problems concentrating or making decision,0.17857142857142858
2,Marginal sampling,Overeating or loss of appetite,0.5
2,Marginal sampling,Feeling anxious,0.625
2,Marginal sampling,Feeling of guilt,0.47619047619047616
2,Marginal sampling,Problems of bonding with baby,0.25
2,Mode,Age,0.19230769230769232
2,Mode,Feeling sad or Tearful,0.44
2,Mode,Irritable towards baby & partner,0.42105263157894735
2,Mode,Trouble sleeping at night,0.4
2,Mode,Problems concentrating or making decision,0.32142857142857145
2,Mode,Overeating or loss of appetite,0.8
2,Mode,Feeling anxious,0.71875
2,Mode,Feeling of guilt,0.42857142857142855
2,Mode,Problems of bonding with baby,0.375
2,"KNN (Hamming, k=7)",Age,0.23076923076923078
2,"KNN (Hamming, k=7)",Feeling sad or Tearful,0.6
2,"KNN (Hamming, k=7)",Irritable towards baby & partner,0.42105263157894735
2,"KNN (Hamming, k=7)",Trouble sleeping at night,0.5
2,"KNN (Hamming, k=7)",Problems concentrating or making decision,0.2857142857142857
2,"KNN (Hamming, k=7)",Overeating or loss of appetite,0.7
2,"KNN (Hamming, k=7)",Feeling anxious,0.8125
2,"KNN (Hamming, k=7)",Feeling of guilt,0.38095238095238093
2,"KNN (Hamming, k=7)",Problems of bonding with baby,0.40625
2,MICE (logistic),Age,0.23076923076923078
2,MICE (logistic),Feeling sad or Tearful,0.56
2,MICE (logistic),Irritable towards baby & partner,0.42105263157894735
2,MICE (logistic),Trouble sleeping at night,0.4
2,MICE (logistic),Problems concentrating or making decision,0.42857142857142855
2,MICE (logistic),Overeating or loss of appetite,0.8
2,MICE (logistic),Feeling anxious,0.65625
2,MICE (logistic),Feeling of guilt,0.38095238095238093
2,MICE (logistic),Problems of bonding with baby,0.34375
2,MICE (random forest),Age,0.2692307692307692
2,MICE (random forest),Feeling sad or Tearful,0.48
2,MICE (random forest),Irritable towards baby & partner,0.3684210526315789
2,MICE (random forest),Trouble sleeping at night,0.65
2,MICE (random forest),Problems concentrating or making decision,0.5
2,MICE (random forest),Overeating or loss of appetite,0.65
2,MICE (random forest),Feeling anxious,0.75
2,MICE (random forest),Feeling of guilt,0.38095238095238093
2,MICE (random forest),Problems of bonding with baby,0.40625
2,Iterative MCA (2 dims),Age,0.19230769230769232
2,Iterative MCA (2 dims),Feeling sad or Tearful,0.48
2,Iterative MCA (2 dims),Irritable towards baby & partner,0.3157894736842105
2,Iterative MCA (2 dims),Trouble sleeping at night,0.5
2,Iterative MCA (2 dims),Problems concentrating or making decision,0.5
2,Iterative MCA (2 dims),Overeating or loss of appetite,0.8
2,Iterative MCA (2 dims),Feeling anxious,0.71875
2,Iterative MCA (2 dims),Feeling of guilt,0.23809523809523808
2,Iterative MCA (2 dims),Problems of bonding with baby,0.5
3,Marginal sampling,Age,0.2413793103448276
3,Marginal sampling,Feeling sad or Tearful,0.35714285714285715
3,Marginal sampling,Irritable towards baby & partner,0.32
3,Marginal sampling,Trouble sleeping at night,0.20833333333333334
3,Marginal sampling,Problems concentrating or making decision,0.3076923076923077
3,Marginal sampling,Overeating or loss of appetite,0.5294117647058824
3,Marginal sampling,Feeling anxious,0.4230769230769231
3,Marginal sampling,Feeling of guilt,0.28125
3,Marginal sampling,Problems of bonding with baby,0.4782608695652174
3,Mode,Age,0.27586206896551724
3,Mode,Feeling sad or Tearful,0.4642857142857143
3,Mode,Irritable towards baby & partner,0.52
3,Mode,Trouble sleeping at night,0.25
3,Mode,Problems concentrating or making decision,0.2692307692307692
3,Mode,Overeating or loss of appetite,0.6764705882352942
3,Mode,Feeling anxious,0.5
3,Mode,Feeling of guilt,0.46875
3,Mode,Problems of bonding with baby,0.17391304347826086
3,"KNN (Hamming, k=7)",Age,0.1724137931034483
3,"KNN (Hamming, k=7)",Feeling sad or Tearful,0.6071428571428571
3,"KNN (Hamming, k=7)",Irritable towards baby & partner,0.4
3,"KNN (Hamming, k=7)",Trouble sleeping at night,0.5
3,"KNN (Hamming, k=7)",Problems concentrating or making decision,0.6153846153846154
3,"KNN (Hamming, k=7)",Overeating or loss of appetite,0.6470588235294118
3,"KNN (Hamming, k=7)",Feeling anxious,0.6153846153846154
3,"KNN (Hamming, k=7)",Feeling of guilt,0.46875
3,"KNN (Hamming, k=7)",Problems of bonding with baby,0.4782608695652174
3,MICE (logistic),Age,0.27586206896551724
3,MICE (logistic),Feeling sad or Tearful,0.6785714285714286
3,MICE (logistic),Irritable towards baby & partner,0.48
3,MICE (logistic),Trouble sleeping at night,0.375
3,MICE (logistic),Problems concentrating or making decision,0.38461538461538464
3,MICE (logistic),Overeating or loss of appetite,0.6470588235294118
3,MICE (logistic),Feeling anxious,0.6923076923076923
3,MICE (logistic),Feeling of guilt,0.5
3,MICE (logistic),Problems of bonding with baby,0.43478260869565216
3,MICE (random forest),Age,0.20689655172413793
3,MICE (random forest),Feeling sad or Tearful,0.5
3,MICE (random forest),Irritable towards baby & partner,0.48
3,MICE (random forest),Trouble sleeping at night,0.375
3,MICE (random forest),Problems concentrating or making decision,0.5769230769230769
3,MICE (random forest),Overeating or loss of appetite,0.6764705882352942
3,MICE (random forest),Feeling anxious,0.7307692307692307
3,MICE (random forest),Feeling of guilt,0.46875
3,MICE (random forest),Problems of bonding with baby,0.30434782608695654
3,Iterative MCA (2 dims),Age,0.3103448275862069
3,Iterative MCA (2 dims),Feeling sad or Tearful,0.5357142857142857
3,Iterative MCA (2 dims),Irritable towards baby & partner,0.32
3,Iterative MCA (2 dims),Trouble sleeping at night,0.3333333333333333
3,Iterative MCA (2 dims),Problems concentrating or making decision,0.4230769230769231
3,Iterative MCA (2 dims),Overeating or loss of appetite,0.6176470588235294
3,Iterative MCA (2 dims),Feeling anxious,0.6538461538461539
3,Iterative MCA (2 dims),Feeling of guilt,0.53125
3,Iterative MCA (2 dims),Problems of bonding with baby,0.2608695652173913
4,Marginal sampling,Age,0.21739130434782608
4,Marginal sampling,Feeling sad or Tearful,0.35
4,Marginal sampling,Irritable towards baby & partner,0.25806451612903225
4,Marginal sampling,Trouble sleeping at night,0.25
4,Marginal sampling,Problems concentrating or making decision,0.32142857142857145
4,Marginal sampling,Overeating or loss of appetite,0.4583333333333333
4,Marginal sampling,Feeling anxious,0.5
4,Marginal sampling,Feeling of guilt,0.2962962962962963
4,Marginal sampling,Problems of bonding with baby,0.16
4,Mode,Age,0.08695652173913043
4,Mode,Feeling sad or Tearful,0.4
4,Mode,Irritable towards baby & partner,0.3225806451612903
4,Mode,Trouble sleeping at night,0.4642857142857143
4,Mode,Problems concentrating or making decision,0.5
4,Mode,Overeating or loss of appetite,0.7916666666666666
4,Mode,Feeling anxious,0.6875
4,Mode,Feeling of guilt,0.3333333333333333
4,Mode,Problems of bonding with baby,0.32
4,"KNN (Hamming, k=7)",Age,0.43478260869565216
4,"KNN (Hamming, k=7)",Feeling sad or Tearful,0.35
4,"KNN (Hamming, k=7)",Irritable towards baby & partner,0.5483870967741935
4,"KNN (Hamming, k=7)",Trouble sleeping at night,0.5714285714285714
4,"KNN (Hamming, k=7)",Problems concentrating or making decision,0.5
4,"KNN (Hamming, k=7)",Overeating or loss of appetite,0.7916666666666666
4,"KNN (Hamming, k=7)",Feeling anxious,0.6875
4,"KNN (Hamming, k=7)",Feeling of guilt,0.48148148148148145
4,"KNN (Hamming, k=7)",Problems of bonding with baby,0.52
4,MICE (logistic),Age,0.2608695652173913
4,MICE (logistic),Feeling sad or Tearful,0.5
4,MICE (logistic),Irritable towards baby & partner,0.4838709677419355
4,MICE (logistic),Trouble sleeping at night,0.4642857142857143
4,MICE (logistic),Problems concentrating or making decision,0.4642857142857143
4,MICE (logistic),Overeating or loss of appetite,0.5833333333333334
4,MICE (logistic),Feeling anxious,0.6875
4,MICE (logistic),Feeling of guilt,0.5555555555555556
4,MICE (logistic),Problems of bonding with baby,0.48
4,MICE (random forest),Age,0.17391304347826086
4,MICE (random forest),Feeling sad or Tearful,0.45
4,MICE (random forest),Irritable towards baby & partner,0.41935483870967744
4,MICE (random forest),Trouble sleeping at night,0.6071428571428571
4,MICE (random forest),Problems concentrating or making decision,0.35714285714285715
4,MICE (random forest),Overeating or loss of appetite,0.75
4,MICE (random forest),Feeling anxious,0.6875
4,MICE (random forest),Feeling of guilt,0.5925925925925926
4,MICE (random forest),Problems of bonding with baby,0.36
4,Iterative MCA (2 dims),Age,0.21739130434782608
4,Iterative MCA (2 dims),Feeling sad or Tearful,0.25
4,Iterative MCA (2 dims),Irritable towards baby & partner,0.3548387096774194
4,Iterative MCA (2 dims),Trouble sleeping at night,0.32142857142857145
4,Iterative MCA (2 dims),Problems concentrating or making decision,0.25
4,Iterative MCA (2 dims),Overeating or loss of appetite,0.7916666666666666
4,Iterative MCA (2 dims),Feeling anxious,0.5
4,Iterative MCA (2 dims),Feeling of guilt,0.6296296296296297
4,Iterative MCA (2 dims),Problems of bonding with baby,0.48
5,Marginal sampling,Age,0.2727272727272727
5,Marginal sampling,Feeling sad or Tearful,0.46153846153846156
5,Marginal sampling,Irritable towards baby & partner,0.20833333333333334
5,Marginal sampling,Trouble sleeping at night,0.47619047619047616
5,Marginal sampling,Problems concentrating or making decision,0.2
5,Marginal sampling,Overeating or loss of appetite,0.6363636363636364
5,Marginal sampling,Feeling anxious,0.6521739130434783
5,Marginal sampling,Feeling of guilt,0.37037037037037035
5,Marginal sampling,Problems of bonding with baby,0.38461538461538464
5,Mode,Age,0.22727272727272727
5,Mode,Feeling sad or Tearful,0.38461538461538464
5,Mode,Irritable towards baby & partner,0.20833333333333334
5,Mode,Trouble sleeping at night,0.42857142857142855
5,Mode,Problems concentrating or making decision,0.4
5,Mode,Overeating or loss of appetite,0.6363636363636364
5,Mode,Feeling anxious,0.7391304347826086
5,Mode,Feeling of guilt,0.3333333333333333
5,Mode,Problems of bonding with baby,0.23076923076923078
5,"KNN (Hamming, k=7)",Age,0.13636363636363635
5,"KNN (Hamming, k=7)",Feeling sad or Tearful,0.46153846153846156
5,"KNN (Hamming, k=7)",Irritable towards baby & partner,0.4583333333333333
5,"KNN (Hamming, k=7)",Trouble sleeping at night,0.42857142857142855
5,"KNN (Hamming, k=7)",Problems concentrating or making decision,0.65
5,"KNN (Hamming, k=7)",Overeating or loss of appetite,0.6060606060606061
5,"KNN (Hamming, k=7)",Feeling anxious,0.6521739130434783
5,"KNN (Hamming, k=7)",Feeling of guilt,0.4444444444444444
5,"KNN (Hamming, k=7)",Problems of bonding with baby,0.34615384615384615
5,MICE (logistic),Age,0.18181818181818182
5,MICE (logistic),Feeling sad or Tearful,0.5384615384615384
5,MICE (logistic),Irritable towards baby & partner,0.375
5,MICE (logistic),Trouble sleeping at night,0.47619047619047616
5,MICE (logistic),Problems concentrating or making decision,0.3
5,MICE (logistic),Overeating or loss of appetite,0.6666666666666666
5,MICE (logistic),Feeling anxious,0.7391304347826086
5,MICE (logistic),Feeling of guilt,0.48148148148148145
5,MICE (logistic),Problems of bonding with baby,0.4230769230769231
5,MICE (random forest),Age,0.18181818181818182
5,MICE (random forest),Feeling sad or Tearful,0.4230769230769231
5,MICE (random forest),Irritable towards baby & partner,0.4166666666666667
5,MICE (random forest),Trouble sleeping at night,0.47619047619047616
5,MICE (random forest),Problems concentrating or making decision,0.7
5,MICE (random forest),Overeating or loss of appetite,0.696969696969697
5,MICE (random forest),Feeling anxious,0.7391304347826086
5,MICE (random forest),Feeling of guilt,0.5555555555555556
5,MICE (random forest),Problems of bonding with baby,0.5
5,Iterative MCA (2 dims),Age,0.22727272727272727
5,Iterative MCA (2 dims),Feeling sad or Tearful,0.5
5,Iterative MCA (2 dims),Irritable towards baby & partner,0.3333333333333333
5,Iterative MCA (2 dims),Trouble sleeping at night,0.42857142857142855
5,Iterative MCA (2 dims),Problems concentrating or making decision,0.35
5,Iterative MCA (2 dims),Overeating or loss of appetite,0.696969696969697
5,Iterative MCA (2 dims),Feeling anxious,0.8260869565217391
5,Iterative MCA (2 dims),Feeling of guilt,0.48148148148148145
5,Iterative MCA (2 dims),Problems of bonding with baby,0.4230769230769231
6,Marginal sampling,Age,0.34782608695652173
6,Marginal sampling,Feeling sad or Tearful,0.15384615384615385
6,Marginal sampling,Irritable towards baby & partner,0.21739130434782608
6,Marginal sampling,Trouble sleeping at night,0.2
6,Marginal sampling,Problems concentrating or making decision,0.3181818181818182
6,Marginal sampling,Overeating or loss of appetite,0.5588235294117647
6,Marginal sampling,Feeling anxious,0.7142857142857143
6,Marginal sampling,Feeling of guilt,0.21052631578947367
6,Marginal sampling,Problems of bonding with baby,0.2
6,Mode,Age,0.21739130434782608
6,Mode,Feeling sad or Tearful,0.46153846153846156
6,Mode,Irritable towards baby & partner,0.2608695652173913
6,Mode,Trouble sleeping at night,0.4
6,Mode,Problems concentrating or making decision,0.18181818181818182
6,Mode,Overeating or loss of appetite,0.7352941176470589
6,Mode,Feeling anxious,0.6666666666666666
6,Mode,Feeling of guilt,0.3684210526315789
6,Mode,Problems of bonding with baby,0.15
6,"KNN (Hamming, k=7)",Age,0.34782608695652173
6,"KNN (Hamming, k=7)",Feeling sad or Tearful,0.34615384615384615
6,"KNN (Hamming, k=7)",Irritable towards baby & partner,0.5217391304347826
6,"KNN (Hamming, k=7)",Trouble sleeping at night,0.44
6,"KNN (Hamming, k=7)",Problems concentrating or making decision,0.45454545454545453
6,"KNN (Hamming, k=7)",Overeating or loss of appetite,0.6764705882352942
6,"KNN (Hamming, k=7)",Feeling anxious,0.6666666666666666
6,"KNN (Hamming, k=7)",Feeling of guilt,0.42105263157894735
6,"KNN (Hamming, k=7)",Problems of bonding with baby,0.25
6,MICE (logistic),Age,0.2608695652173913
6,MICE (logistic),Feeling sad or Tearful,0.3076923076923077
6,MICE (logistic),Irritable towards baby & partner,0.391304347826087
6,MICE (logistic),Trouble sleeping at night,0.56
6,MICE (logistic),Problems concentrating or making decision,0.5
6,MICE (logistic),Overeating or loss of appetite,0.7058823529411765
6,MICE (logistic),Feeling anxious,0.9047619047619048
6,MICE (logistic),Feeling of guilt,0.5263157894736842
6,MICE (logistic),Problems of bonding with baby,0.2
6,MICE (random forest),Age,0.13043478260869565
6,MICE (random forest),Feeling sad or Tearful,0.23076923076923078
6,MICE (random forest),Irritable towards baby & partner,0.43478260869565216
6,MICE (random forest),Trouble sleeping at night,0.52
6,MICE (random forest),Problems concentrating or making decision,0.4090909090909091
6,MICE (random forest),Overeating or loss of appetite,0.6176470588235294
6,MICE (random forest),Feeling anxious,0.8095238095238095
6,MICE (random forest),Feeling of guilt,0.42105263157894735
6,MICE (random forest),Problems of bonding with baby,0.45
6,Iterative MCA (2 dims),Age,0.30434782608695654
6,Iterative MCA (2 dims),Feeling sad or Tearful,0.23076923076923078
6,Iterative MCA (2 dims),Irritable towards baby & partner,0.30434782608695654
6,Iterative MCA (2 dims),Trouble sleeping at night,0.36
6,Iterative MCA (2 dims),Problems concentrating or making decision,0.45454545454545453
6,Iterative MCA (2 dims),Overeating or loss of appetite,0.6764705882352942
6,Iterative MCA (2 dims),Feeling anxious,0.7142857142857143
6,Iterative MCA (2 dims),Feeling of guilt,0.3684210526315789
6,Iterative MCA (2 dims),Problems of bonding with baby,0.35
7,Marginal sampling,Age,0.36
7,Marginal sampling,Feeling sad or Tearful,0.5238095238095238
7,Marginal sampling,Irritable towards baby & partner,0.21052631578947367
7,Marginal sampling,Trouble sleeping at night,0.35294117647058826
7,Marginal sampling,Problems concentrating or making decision,0.3333333333333333
7,Marginal sampling,Overeating or loss of appetite,0.36363636363636365
7,Marginal sampling,Feeling anxious,0.6206896551724138
7,Marginal sampling,Feeling of guilt,0.25925925925925924
7,Marginal sampling,Problems of bonding with baby,0.47619047619047616
7,Mode,Age,0.16
7,Mode,Feeling sad or Tearful,0.6190476190476191
7,Mode,Irritable towards baby & partner,0.5789473684210527
7,Mode,Trouble sleeping at night,0.35294117647058826
7,Mode,Problems concentrating or making decision,0.375
7,Mode,Overeating or loss of appetite,0.6363636363636364
7,Mode,Feeling anxious,0.7241379310344828
7,Mode,Feeling of guilt,0.2962962962962963
7,Mode,Problems of bonding with baby,0.42857142857142855
7,"KNN (Hamming, k=7)",Age,0.16
7,"KNN (Hamming, k=7)",Feeling sad or Tearful,0.42857142857142855
7,"KNN (Hamming, k=7)",Irritable towards baby & partner,0.5789473684210527
7,"KNN (Hamming, k=7)",Trouble sleeping at night,0.5882352941176471
7,"KNN (Hamming, k=7)",Problems concentrating or making decision,0.5416666666666666
7,"KNN (Hamming, k=7)",Overeating or loss of appetite,0.5909090909090909
7,"KNN (Hamming, k=7)",Feeling anxious,0.7931034482758621
7,"KNN (Hamming, k=7)",Feeling of guilt,0.4444444444444444
7,"KNN (Hamming, k=7)",Problems of bonding with baby,0.5714285714285714
7,MICE (logistic),Age,0.28
7,MICE (logistic),Feeling sad or Tearful,0.5714285714285714
7,MICE (logistic),Irritable towards baby & partner,0.5789473684210527
7,MICE (logistic),Trouble sleeping at night,0.47058823529411764
7,MICE (logistic),Problems concentrating or making decision,0.5
7,MICE (logistic),Overeating or loss of appetite,0.6818181818181818
7,MICE (logistic),Feeling anxious,0.7241379310344828
7,MICE (logistic),Feeling of guilt,0.4074074074074074
7,MICE (logistic),Problems of bonding with baby,0.38095238095238093
7,MICE (random forest),Age,0.12
7,MICE (random forest),Feeling sad or Tearful,0.5238095238095238
7,MICE (random forest),Irritable towards baby & partner,0.47368421052631576
7,MICE (random forest),Trouble sleeping at night,0.5294117647058824
7,MICE (random forest),Problems concentrating or making decision,0.7916666666666666
7,MICE (random forest),Overeating or loss of appetite,0.6818181818181818
7,MICE (random forest),Feeling anxious,0.8620689655172413
7,MICE (random forest),Feeling of guilt,0.5185185185185185
7,MICE (random forest),Problems of bonding with baby,0.47619047619047616
7,Iterative MCA (2 dims),Age,0.2
7,Iterative MCA (2 dims),Feeling sad or Tearful,0.5714285714285714
7,Iterative MCA (2 dims),Irritable towards baby & partner,0.631578947368421
7,Iterative MCA (2 dims),Trouble sleeping at night,0.17647058823529413
7,Iterative MCA (2 dims),Problems concentrating or making decision,0.3333333333333333
7,Iterative MCA (2 dims),Overeating or loss of appetite,0.5454545454545454
7,Iterative MCA (2 dims),Feeling anxious,0.7586206896551724
7,Iterative MCA (2 dims),Feeling of guilt,0.37037037037037035
7,Iterative MCA (2 dims),Problems of bonding with baby,0.47619047619047616
8,Marginal sampling,Age,0.17391304347826086
8,Marginal sampling,Feeling sad or Tearful,0.38461538461538464
8,Marginal sampling,Irritable towards baby & partner,0.3333333333333333
8,Marginal sampling,Trouble sleeping at night,0.3157894736842105
8,Marginal sampling,Problems concentrating or making decision,0.35
8,Marginal sampling,Overeating or loss of appetite,0.45
8,Marginal sampling,Feeling anxious,0.631578947368421
8,Marginal sampling,Feeling of guilt,0.19230769230769232
8,Marginal sampling,Problems of bonding with baby,0.35714285714285715
8,Mode,Age,0.2608695652173913
8,Mode,Feeling sad or Tearful,0.2692307692307692
8,Mode,Irritable towards baby & partner,0.3333333333333333
8,Mode,Trouble sleeping at night,0.2631578947368421
8,Mode,Problems concentrating or making decision,0.35
8,Mode,Overeating or loss of appetite,0.65
8,Mode,Feeling anxious,0.7368421052631579
8,Mode,Feeling of guilt,0.38461538461538464
8,Mode,Problems of bonding with baby,0.32142857142857145
8,"KNN (Hamming, k=7)",Age,0.13043478260869565
8,"KNN (Hamming, k=7)",Feeling sad or Tearful,0.5384615384615384
8,"KNN (Hamming, k=7)",Irritable towards baby & partner,0.4166666666666667
8,"KNN (Hamming, k=7)",Trouble sleeping at night,0.3684210526315789
8,"KNN (Hamming, k=7)",Problems concentrating or making decision,0.7
8,"KNN (Hamming, k=7)",Overeating or loss of appetite,0.75
8,"KNN (Hamming, k=7)",Feeling anxious,0.6842105263157895
8,"KNN (Hamming, k=7)",Feeling of guilt,0.46153846153846156
8,"KNN (Hamming, k=7)",Problems of bonding with baby,0.42857142857142855
8,MICE (logistic),Age,0.17391304347826086
8,MICE (logistic),Feeling sad or Tearful,0.34615384615384615
8,MICE (logistic),Irritable towards baby & partner,0.4583333333333333
8,MICE (logistic),Trouble sleeping at night,0.3684210526315789
8,MICE (logistic),Problems concentrating or making decision,0.35
8,MICE (logistic),Overeating or loss of appetite,0.7
8,MICE (logistic),Feeling anxious,0.7894736842105263
8,MICE (logistic),Feeling of guilt,0.5
8,MICE (logistic),Problems of bonding with baby,0.42857142857142855
8,MICE (random forest),Age,0.21739130434782608
8,MICE (random forest),Feeling sad or Tearful,0.38461538461538464
8,MICE (random forest),Irritable towards baby & partner,0.5416666666666666
8,MICE (random forest),Trouble sleeping at night,0.3684210526315789
8,MICE (random forest),Problems concentrating or making decision,0.55
8,MICE (random forest),Overeating or loss of appetite,0.8
8,MICE (random forest),Feeling anxious,0.7894736842105263
8,MICE (random forest),Feeling of guilt,0.46153846153846156
8,MICE (random forest),Problems of bonding with baby,0.4642857142857143
8,Iterative MCA (2 dims),Age,0.17391304347826086
8,Iterative MCA (2 dims),Feeling sad or Tearful,0.38461538461538464
8,Iterative MCA (2 dims),Irritable towards baby & partner,0.4166666666666667
8,Iterative MCA (2 dims),Trouble sleeping at night,0.47368421052631576
8,Iterative MCA (2 dims),Problems concentrating or making decision,0.55
8,Iterative MCA (2 dims),Overeating or loss of appetite,0.8
8,Iterative MCA (2 dims),Feeling anxious,0.631578947368421
8,Iterative MCA (2 dims),Feeling of guilt,0.5769230769230769
8,Iterative MCA (2 dims),Problems of bonding with baby,0.39285714285714285
9,Marginal sampling,Age,0.25
9,Marginal sampling,Feeling sad or Tearful,0.5454545454545454
9,Marginal sampling,Irritable towards baby & partner,0.18518518518518517
9,Marginal sampling,Trouble sleeping at night,0.3333333333333333
9,Marginal sampling,Problems concentrating or making decision,0.22727272727272727
9,Marginal sampling,Overeating or loss of appetite,0.34782608695652173
9,Marginal sampling,Feeling anxious,0.5
9,Marginal sampling,Feeling of guilt,0.35
9,Marginal sampling,Problems of bonding with baby,0.25
9,Mode,Age,0.39285714285714285
9,Mode,Feeling sad or Tearful,0.45454545454545453
9,Mode,Irritable towards baby & partner,0.2962962962962963
9,Mode,Trouble sleeping at night,0.6111111111111112
9,Mode,Problems concentrating or making decision,0.2727272727272727
9,Mode,Overeating or loss of appetite,0.6086956521739131
9,Mode,Feeling anxious,0.6666666666666666
9,Mode,Feeling of guilt,0.45
9,Mode,Problems of bonding with baby,0.25
9,"KNN (Hamming, k=7)",Age,0.25
9,"KNN (Hamming, k=7)",Feeling sad or Tearful,0.36363636363636365
9,"KNN (Hamming, k=7)",Irritable towards baby & partner,0.2962962962962963
9,"KNN (Hamming, k=7)",Trouble sleeping at night,0.3888888888888889
9,"KNN (Hamming, k=7)",Problems concentrating or making decision,0.36363636363636365
9,"KNN (Hamming, k=7)",Overeating or loss of appetite,0.5652173913043478
9,"KNN (Hamming, k=7)",Feeling anxious,0.7
9,"KNN (Hamming, k=7)",Feeling of guilt,0.6
9,"KNN (Hamming, k=7)",Problems of bonding with baby,0.25
9,MICE (logistic),Age,0.25
9,MICE (logistic),Feeling sad or Tearful,0.5909090909090909
9,MICE (logistic),Irritable towards baby & partner,0.4074074074074074
9,MICE (logistic),Trouble sleeping at night,0.3333333333333333
9,MICE (logistic),Problems concentrating or making decision,0.36363636363636365
9,MICE (logistic),Overeating or loss of appetite,0.6521739130434783
9,MICE (logistic),Feeling anxious,0.7666666666666667
9,MICE (logistic),Feeling of guilt,0.6
9,MICE (logistic),Problems of bonding with baby,0.32142857142857145
9,MICE (random forest),Age,0.39285714285714285
9,MICE (random forest),Feeling sad or Tearful,0.4090909090909091
9,MICE (random forest),Irritable towards baby & partner,0.4074074074074074
9,MICE (random forest),Trouble sleeping at night,0.3888888888888889
9,MICE (random forest),Problems concentrating or making decision,0.5
9,MICE (random forest),Overeating or loss of appetite,0.6086956521739131
9,MICE (random forest),Feeling anxious,0.7
9,MICE (random forest),Feeling of guilt,0.6
9,MICE (random forest),Problems of bonding with baby,0.39285714285714285
9,Iterative MCA (2 dims),Age,0.21428571428571427
9,Iterative MCA (2 dims),Feeling sad or Tearful,0.5454545454545454
9,Iterative MCA (2 dims),Irritable towards baby & partner,0.3333333333333333
9,Iterative MCA (2 dims),Trouble sleeping at night,0.16666666666666666
9,Iterative MCA (2 dims),Problems concentrating or making decision,0.5
9,Iterative MCA (2 dims),Overeating or loss of appetite,0.6956521739130435
9,Iterative MCA (2 dims),Feeling anxious,0.8
9,Iterative MCA (2 dims),Feeling of guilt,0.65
9,Iterative MCA (2 dims),Problems of bonding with baby,0.4642857142857143
10,Marginal sampling,Age,0.09523809523809523
10,Marginal sampling,Feeling sad or Tearful,0.2857142857142857
10,Marginal sampling,Irritable towards baby & partner,0.3333333333333333
10,Marginal sampling,Trouble sleeping at night,0.3793103448275862
10,Marginal sampling,Problems concentrating or making decision,0.23333333333333334
10,Marginal sampling,Overeating or loss of appetite,0.6363636363636364
10,Marginal sampling,Feeling anxious,0.5454545454545454
10,Marginal sampling,Feeling of guilt,0.14285714285714285
10,Marginal sampling,Problems of bonding with baby,0.16666666666666666
10,Mode,Age,0.19047619047619047
10,Mode,Feeling sad or Tearful,0.2857142857142857
10,Mode,Irritable towards baby & partner,0.42857142857142855
10,Mode,Trouble sleeping at night,0.27586206896551724
10,Mode,Problems concentrating or making decision,0.36666666666666664
10,Mode,Overeating or loss of appetite,0.6363636363636364
10,Mode,Feeling anxious,0.45454545454545453
10,Mode,Feeling of guilt,0.2857142857142857
10,Mode,Problems of bonding with baby,0.25
10,"KNN (Hamming, k=7)",Age,0.2857142857142857
10,"KNN (Hamming, k=7)",Feeling sad or Tearful,0.4642857142857143
10,"KNN (Hamming, k=7)",Irritable towards baby & partner,0.2857142857142857
10,"KNN (Hamming, k=7)",Trouble sleeping at night,0.5517241379310345
10,"KNN (Hamming, k=7)",Problems concentrating or making decision,0.4666666666666667
10,"KNN (Hamming, k=7)",Overeating or loss of appetite,0.6666666666666666
10,"KNN (Hamming, k=7)",Feeling anxious,0.6363636363636364
10,"KNN (Hamming, k=7)",Feeling of guilt,0.42857142857142855
10,"KNN (Hamming, k=7)",Problems of bonding with baby,0.4583333333333333
10,MICE (logistic),Age,0.23809523809523808
10,MICE (logistic),Feeling sad or Tearful,0.5
10,MICE (logistic),Irritable towards baby & partner,0.5714285714285714
10,MICE (logistic),Trouble sleeping at night,0.4827586206896552
10,MICE (logistic),Problems concentrating or making decision,0.26666666666666666
10,MICE (logistic),Overeating or loss of appetite,0.696969696969697
10,MICE (logistic),Feeling anxious,0.6818181818181818
10,MICE (logistic),Feeling of guilt,0.42857142857142855
10,MICE (logistic),Problems of bonding with baby,0.375
10,MICE (random forest),Age,0.14285714285714285
10,MICE (random forest),Feeling sad or Tearful,0.39285714285714285
10,MICE (random forest),Irritable towards baby & partner,0.47619047619047616
10,MICE (random forest),Trouble sleeping at night,0.5862068965517241
10,MICE (random forest),Problems concentrating or making decision,0.43333333333333335
10,MICE (random forest),Overeating or loss of appetite,0.6666666666666666
10,MICE (random forest),Feeling anxious,0.8181818181818182
10,MICE (random forest),Feeling of guilt,0.3333333333333333
10,MICE (random forest),Problems of bonding with baby,0.5
10,Iterative MCA (2 dims),Age,0.19047619047619047
10,Iterative MCA (2 dims),Feeling sad or Tearful,0.4642857142857143
10,Iterative MCA (2 dims),Irritable towards baby & partner,0.2857142857142857
10,Iterative MCA (2 dims),Trouble sleeping at night,0.3103448275862069
10,Iterative MCA (2 dims),Problems concentrating or making decision,0.5
10,Iterative MCA (2 dims),Overeating or loss of appetite,0.6363636363636364
10,Iterative MCA (2 dims),Feeling anxious,0.6818181818181818
10,Iterative MCA (2 dims),Feeling of guilt,0.47619047619047616
10,Iterative MCA (2 dims),Problems of bonding with baby,0.3333333333333333
11,Marginal sampling,Age,0.0625
11,Marginal sampling,Feeling sad or Tearful,0.16
11,Marginal sampling,Irritable towards baby & partner,0.5185185185185185
11,Marginal sampling,Trouble sleeping at night,0.391304347826087
11,Marginal sampling,Problems concentrating or making decision,0.32
11,Marginal sampling,Overeating or loss of appetite,0.5909090909090909
11,Marginal sampling,Feeling anxious,0.5806451612903226
11,Marginal sampling,Feeling of guilt,0.2631578947368421
11,Marginal sampling,Problems of bonding with baby,0.4
11,Mode,Age,0.125
11,Mode,Feeling sad or Tearful,0.32
11,Mode,Irritable towards baby & partner,0.48148148148148145
11,Mode,Trouble sleeping at night,0.391304347826087
11,Mode,Problems concentrating or making decision,0.32
11,Mode,Overeating or loss of appetite,0.7272727272727273
11,Mode,Feeling anxious,0.7741935483870968
11,Mode,Feeling of guilt,0.42105263157894735
11,Mode,Problems of bonding with baby,0.26666666666666666
11,"KNN (Hamming, k=7)",Age,0.25
11,"KNN (Hamming, k=7)",Feeling sad or Tearful,0.4
11,"KNN (Hamming, k=7)",Irritable towards baby & partner,0.48148148148148145
11,"KNN (Hamming, k=7)",Trouble sleeping at night,0.6086956521739131
11,"KNN (Hamming, k=7)",Problems concentrating or making decision,0.56
11,"KNN (Hamming, k=7)",Overeating or loss of appetite,0.5
11,"KNN (Hamming, k=7)",Feeling anxious,0.7419354838709677
11,"KNN (Hamming, k=7)",Feeling of guilt,0.3684210526315789
11,"KNN (Hamming, k=7)",Problems of bonding with baby,0.4
11,MICE (logistic),Age,0.1875
11,MICE (logistic),Feeling sad or Tearful,0.36
11,MICE (logistic),Irritable towards baby & partner,0.4444444444444444
11,MICE (logistic),Trouble sleeping at night,0.43478260869565216
11,MICE (logistic),Problems concentrating or making decision,0.4
11,MICE (logistic),Overeating or loss of appetite,0.6363636363636364
11,MICE (logistic),Feeling anxious,0.7741935483870968
11,MICE (logistic),Feeling of guilt,0.42105263157894735
11,MICE (logistic),Problems of bonding with baby,0.3333333333333333
11,MICE (random forest),Age,0.125
11,MICE (random forest),Feeling sad or Tearful,0.36
11,MICE (random forest),Irritable towards baby & partner,0.4444444444444444
11,MICE (random forest),Trouble sleeping at night,0.6956521739130435
11,MICE (random forest),Problems concentrating or making decision,0.6
11,MICE (random forest),Overeating or loss of appetite,0.5909090909090909
11,MICE (random forest),Feeling anxious,0.8064516129032258
11,MICE (random forest),Feeling of guilt,0.47368421052631576
11,MICE (random forest),Problems of bonding with baby,0.3333333333333333
11,Iterative MCA (2 dims),Age,0.125
11,Iterative MCA (2 dims),Feeling sad or Tearful,0.24
11,Iterative MCA (2 dims),Irritable towards baby & partner,0.4074074074074074
11,Iterative MCA (2 dims),Trouble sleeping at night,0.4782608695652174
11,Iterative MCA (2 dims),Problems concentrating or making decision,0.48
11,Iterative MCA (2 dims),Overeating or loss of appetite,0.45454545454545453
11,Iterative MCA (2 dims),Feeling anxious,0.7419354838709677
11,Iterative MCA (2 dims),Feeling of guilt,0.42105263157894735
11,Iterative MCA (2 dims),Problems of bonding with baby,0.4
12,Marginal sampling,Age,0.28
12,Marginal sampling,Feeling sad or Tearful,0.4375
12,Marginal sampling,Irritable towards baby & partner,0.38095238095238093
12,Marginal sampling,Trouble sleeping at night,0.35294117647058826
12,Marginal sampling,Problems concentrating or making decision,0.35294117647058826
12,Marginal sampling,Overeating or loss of appetite,0.5806451612903226
12,Marginal sampling,Feeling anxious,0.5172413793103449
12,Marginal sampling,Feeling of guilt,0.29411764705882354
12,Marginal sampling,Problems of bonding with baby,0.2916666666666667
12,Mode,Age,0.24
12,Mode,Feeling sad or Tearful,0.375
12,Mode,Irritable towards baby & partner,0.2857142857142857
12,Mode,Trouble sleeping at night,0.23529411764705882
12,Mode,Problems concentrating or making decision,0.11764705882352941
12,Mode,Overeating or loss of appetite,0.6129032258064516
12,Mode,Feeling anxious,0.5172413793103449
12,Mode,Feeling of guilt,0.35294117647058826
12,Mode,Problems of bonding with baby,0.16666666666666666
12,"KNN (Hamming, k=7)",Age,0.12
12,"KNN (Hamming, k=7)",Feeling sad or Tearful,0.5
12,"KNN (Hamming, k=7)",Irritable towards baby & partner,0.7142857142857143
12,"KNN (Hamming, k=7)",Trouble sleeping at night,0.29411764705882354
12,"KNN (Hamming, k=7)",Problems concentrating or making decision,0.4117647058823529
12,"KNN (Hamming, k=7)",Overeating or loss of appetite,0.6451612903225806
12,"KNN (Hamming, k=7)",Feeling anxious,0.6896551724137931
12,"KNN (Hamming, k=7)",Feeling of guilt,0.5294117647058824
12,"KNN (Hamming, k=7)",Problems of bonding with baby,0.4583333333333333
12,MICE (logistic),Age,0.32
12,MICE (logistic),Feeling sad or Tearful,0.6875
12,MICE (logistic),Irritable towards baby & partner,0.42857142857142855
12,MICE (logistic),Trouble sleeping at night,0.35294117647058826
12,MICE (logistic),Problems concentrating or making decision,0.5882352941176471
12,MICE (logistic),Overeating or loss of appetite,0.6774193548387096
12,MICE (logistic),Feeling anxious,0.7241379310344828
12,MICE (logistic),Feeling of guilt,0.6176470588235294
12,MICE (logistic),Problems of bonding with baby,0.25
12,MICE (random forest),Age,0.16
12,MICE (random forest),Feeling sad or Tearful,0.375
12,MICE (random forest),Irritable towards baby & partner,0.5714285714285714
12,MICE (random forest),Trouble sleeping at night,0.29411764705882354
12,MICE (random forest),Problems concentrating or making decision,0.35294117647058826
12,MICE (random forest),Overeating or loss of appetite,0.6451612903225806
12,MICE (random forest),Feeling anxious,0.7241379310344828
12,MICE (random forest),Feeling of guilt,0.5294117647058824
12,MICE (random forest),Problems of bonding with baby,0.375
12,Iterative MCA (2 dims),Age,0.24
12,Iterative MCA (2 dims),Feeling sad or Tearful,0.4375
12,Iterative MCA (2 dims),Irritable towards baby & partner,0.3333333333333333
12,Iterative MCA (2 dims),Trouble sleeping at night,0.29411764705882354
12,Iterative MCA (2 dims),Problems concentrating or making decision,0.47058823529411764
12,Iterative MCA (2 dims),Overeating or loss of appetite,0.7419354838709677
12,Iterative MCA (2 dims),Feeling anxious,0.6206896551724138
12,Iterative MCA (2 dims),Feeling of guilt,0.5
12,Iterative MCA (2 dims),Problems of bonding with baby,0.375
13,Marginal sampling,Age,0.13043478260869565
13,Marginal sampling,Feeling sad or Tearful,0.36
13,Marginal sampling,Irritable towards baby & partner,0.2857142857142857
13,Marginal sampling,Trouble sleeping at night,0.35
13,Marginal sampling,Problems concentrating or making decision,0.15
13,Marginal sampling,Overeating or loss of appetite,0.625
13,Marginal sampling,Feeling anxious,0.47368421052631576
13,Marginal sampling,Feeling of guilt,0.36363636363636365
13,Marginal sampling,Problems of bonding with baby,0.3157894736842105
13,Mode,Age,0.2608695652173913
13,Mode,Feeling sad or Tearful,0.36
13,Mode,Irritable towards baby & partner,0.42857142857142855
13,Mode,Trouble sleeping at night,0.35
13,Mode,Problems concentrating or making decision,0.25
13,Mode,Overeating or loss of appetite,0.8125
13,Mode,Feeling anxious,0.631578947368421
13,Mode,Feeling of guilt,0.5454545454545454
13,Mode,Problems of bonding with baby,0.3684210526315789
13,"KNN (Hamming, k=7)",Age,0.30434782608695654
13,"KNN (Hamming, k=7)",Feeling sad or Tearful,0.28
13,"KNN (Hamming, k=7)",Irritable towards baby & partner,0.42857142857142855
13,"KNN (Hamming, k=7)",Trouble sleeping at night,0.5
13,"KNN (Hamming, k=7)",Problems concentrating or making decision,0.55
13,"KNN (Hamming, k=7)",Overeating or loss of appetite,0.75
13,"KNN (Hamming, k=7)",Feeling anxious,0.8421052631578947
13,"KNN (Hamming, k=7)",Feeling of guilt,0.5
13,"KNN (Hamming, k=7)",Problems of bonding with baby,0.42105263157894735
13,MICE (logistic),Age,0.17391304347826086
13,MICE (logistic),Feeling sad or Tearful,0.36
13,MICE (logistic),Irritable towards baby & partner,0.39285714285714285
13,MICE (logistic),Trouble sleeping at night,0.45
13,MICE (logistic),Problems concentrating or making decision,0.3
13,MICE (logistic),Overeating or loss of appetite,0.75
13,MICE (logistic),Feeling anxious,0.7368421052631579
13,MICE (logistic),Feeling of guilt,0.45454545454545453
13,MICE (logistic),Problems of bonding with baby,0.5263157894736842
13,MICE (random forest),Age,0.21739130434782608
13,MICE (random forest),Feeling sad or Tearful,0.32
13,MICE (random forest),Irritable towards baby & partner,0.4642857142857143
13,MICE (random forest),Trouble sleeping at night,0.35
13,MICE (random forest),Problems concentrating or making decision,0.4
13,MICE (random forest),Overeating or loss of appetite,0.8125
13,MICE (random forest),Feeling anxious,0.8421052631578947
13,MICE (random forest),Feeling of guilt,0.6363636363636364
13,MICE (random forest),Problems of bonding with baby,0.3684210526315789
13,Iterative MCA (2 dims),Age,0.2608695652173913
13,Iterative MCA (2 dims),Feeling sad or Tearful,0.48
13,Iterative MCA (2 dims),Irritable towards baby & partner,0.2857142857142857
13,Iterative MCA (2 dims),Trouble sleeping at night,0.55
13,Iterative MCA (2 dims),Problems concentrating or making decision,0.45
13,Iterative MCA (2 dims),Overeating or loss of appetite,0.8125
13,Iterative MCA (2 dims),Feeling anxious,0.6842105263157895
13,Iterative MCA (2 dims),Feeling of guilt,0.5909090909090909
13,Iterative MCA (2 dims),Problems of bonding with baby,0.42105263157894735
14,Marginal sampling,Age,0.11538461538461539
14,Marginal sampling,Feeling sad or Tearful,0.46153846153846156
14,Marginal sampling,Irritable towards baby & partner,0.4
14,Marginal sampling,Trouble sleeping at night,0.2692307692307692
14,Marginal sampling,Problems concentrating or making decision,0.36666666666666664
14,Marginal sampling,Overeating or loss of appetite,0.5263157894736842
14,Marginal sampling,Feeling anxious,0.53125
14,Marginal sampling,Feeling of guilt,0.14285714285714285
14,Marginal sampling,Problems of bonding with baby,0.5263157894736842
14,Mode,Age,0.34615384615384615
14,Mode,Feeling sad or Tearful,0.46153846153846156
14,Mode,Irritable towards baby & partner,0.35
14,Mode,Trouble sleeping at night,0.46153846153846156
14,Mode,Problems concentrating or making decision,0.36666666666666664
14,Mode,Overeating or loss of appetite,0.5789473684210527
14,Mode,Feeling anxious,0.65625
14,Mode,Feeling of guilt,0.42857142857142855
14,Mode,Problems of bonding with baby,0.2631578947368421
14,"KNN (Hamming, k=7)",Age,0.23076923076923078
14,"KNN (Hamming, k=7)",Feeling sad or Tearful,0.5384615384615384
14,"KNN (Hamming, k=7)",Irritable towards baby & partner,0.55
14,"KNN (Hamming, k=7)",Trouble sleeping at night,0.38461538461538464
14,"KNN (Hamming, k=7)",Problems concentrating or making decision,0.5
14,"KNN (Hamming, k=7)",Overeating or loss of appetite,0.5789473684210527
14,"KNN (Hamming, k=7)",Feeling anxious,0.75
14,"KNN (Hamming, k=7)",Feeling of guilt,0.5238095238095238
14,"KNN (Hamming, k=7)",Problems of bonding with baby,0.47368421052631576
14,MICE (logistic),Age,0.34615384615384615
14,MICE (logistic),Feeling sad or Tearful,0.6153846153846154
14,MICE (logistic),Irritable towards baby & partner,0.45
14,MICE (logistic),Trouble sleeping at night,0.46153846153846156
14,MICE (logistic),Problems concentrating or making decision,0.36666666666666664
14,MICE (logistic),Overeating or loss of appetite,0.5789473684210527
14,MICE (logistic),Feeling anxious,0.84375
14,MICE (logistic),Feeling of guilt,0.42857142857142855
14,MICE (logistic),Problems of bonding with baby,0.42105263157894735
14,MICE (random forest),Age,0.23076923076923078
14,MICE (random forest),Feeling sad or Tearful,0.5384615384615384
14,MICE (random forest),Irritable towards baby & partner,0.5
14,MICE (random forest),Trouble sleeping at night,0.46153846153846156
14,MICE (random forest),Problems concentrating or making decision,0.5
14,MICE (random forest),Overeating or loss of appetite,0.5263157894736842
14,MICE (random forest),Feeling anxious,0.8125
14,MICE (random forest),Feeling of guilt,0.5714285714285714
14,MICE (random forest),Problems of bonding with baby,0.47368421052631576
14,Iterative MCA (2 dims),Age,0.15384615384615385
14,Iterative MCA (2 dims),Feeling sad or Tearful,0.5769230769230769
14,Iterative MCA (2 dims),Irritable towards baby & partner,0.25
14,Iterative MCA (2 dims),Trouble sleeping at night,0.4230769230769231
14,Iterative MCA (2 dims),Problems concentrating or making decision,0.26666666666666666
14,Iterative MCA (2 dims),Overeating or loss of appetite,0.7368421052631579
14,Iterative MCA (2 dims),Feeling anxious,0.71875
14,Iterative MCA (2 dims),Feeling of guilt,0.3333333333333333
14,Iterative MCA (2 dims),Problems of bonding with baby,0.2631578947368421
15,Marginal sampling,Age,0.25
15,Marginal sampling,Feeling sad or Tearful,0.30434782608695654
15,Marginal sampling,Irritable towards baby & partner,0.18518518518518517
15,Marginal sampling,Trouble sleeping at night,0.41935483870967744
15,Marginal sampling,Problems concentrating or making decision,0.2857142857142857
15,Marginal sampling,Overeating or loss of appetite,0.36363636363636365
15,Marginal sampling,Feeling anxious,0.5
15,Marginal sampling,Feeling of guilt,0.16666666666666666
15,Marginal sampling,Problems of bonding with baby,0.2702702702702703
15,Mode,Age,0.25
15,Mode,Feeling sad or Tearful,0.5652173913043478
15,Mode,Irritable towards baby & partner,0.3333333333333333
15,Mode,Trouble sleeping at night,0.4838709677419355
15,Mode,Problems concentrating or making decision,0.5
15,Mode,Overeating or loss of appetite,0.5909090909090909
15,Mode,Feeling anxious,0.5416666666666666
15,Mode,Feeling of guilt,0.4166666666666667
15,Mode,Problems of bonding with baby,0.2702702702702703
15,"KNN (Hamming, k=7)",Age,0.20833333333333334
15,"KNN (Hamming, k=7)",Feeling sad or Tearful,0.2608695652173913
15,"KNN (Hamming, k=7)",Irritable towards baby & partner,0.4444444444444444
15,"KNN (Hamming, k=7)",Trouble sleeping at night,0.41935483870967744
15,"KNN (Hamming, k=7)",Problems concentrating or making decision,0.4642857142857143
15,"KNN (Hamming, k=7)",Overeating or loss of appetite,0.5454545454545454
15,"KNN (Hamming, k=7)",Feeling anxious,0.75
15,"KNN (Hamming, k=7)",Feeling of guilt,0.4166666666666667
15,"KNN (Hamming, k=7)",Problems of bonding with baby,0.4864864864864865
15,MICE (logistic),Age,0.375
15,MICE (logistic),Feeling sad or Tearful,0.2608695652173913
15,MICE (logistic),Irritable towards baby & partner,0.37037037037037035
15,MICE (logistic),Trouble sleeping at night,0.5161290322580645
15,MICE (logistic),Problems concentrating or making decision,0.6428571428571429
15,MICE (logistic),Overeating or loss of appetite,0.6363636363636364
15,MICE (logistic),Feeling anxious,0.7916666666666666
15,MICE (logistic),Feeling of guilt,0.375
15,MICE (logistic),Problems of bonding with baby,0.5945945945945946
15,MICE (random forest),Age,0.16666666666666666
15,MICE (random forest),Feeling sad or Tearful,0.2608695652173913
15,MICE (random forest),Irritable towards baby & partner,0.4444444444444444
15,MICE (random forest),Trouble sleeping at night,0.41935483870967744
15,MICE (random forest),Problems concentrating or making decision,0.42857142857142855
15,MICE (random forest),Overeating or loss of appetite,0.5909090909090909
15,MICE (random forest),Feeling anxious,0.9166666666666666
15,MICE (random forest),Feeling of guilt,0.375
15,MICE (random forest),Problems of bonding with baby,0.40540540540540543
15,Iterative MCA (2 dims),Age,0.20833333333333334
15,Iterative MCA (2 dims),Feeling sad or Tearful,0.43478260869565216
15,Iterative MCA (2 dims),Irritable towards baby & partner,0.4074074074074074
15,Iterative MCA (2 dims),Trouble sleeping at night,0.5483870967741935
15,Iterative MCA (2 dims),Problems concentrating or making decision,0.42857142857142855
15,Iterative MCA (2 dims),Overeating or loss of appetite,0.6818181818181818
15,Iterative MCA (2 dims),Feeling anxious,0.8333333333333334
15,Iterative MCA (2 dims),Feeling of guilt,0.5
15,Iterative MCA (2 dims),Problems of bonding with baby,0.4594594594594595
16,Marginal sampling,Age,0.15
16,Marginal sampling,Feeling sad or Tearful,0.17647058823529413
16,Marginal sampling,Irritable towards baby & partner,0.28
16,Marginal sampling,Trouble sleeping at night,0.48
16,Marginal sampling,Problems concentrating or making decision,0.30434782608695654
16,Marginal sampling,Overeating or loss of appetite,0.6071428571428571
16,Marginal sampling,Feeling anxious,0.42105263157894735
16,Marginal sampling,Feeling of guilt,0.3181818181818182
16,Marginal sampling,Problems of bonding with baby,0.12
16,Mode,Age,0.35
16,Mode,Feeling sad or Tearful,0.5294117647058824
16,Mode,Irritable towards baby & partner,0.28
16,Mode,Trouble sleeping at night,0.28
16,Mode,Problems concentrating or making decision,0.5217391304347826
16,Mode,Overeating or loss of appetite,0.7857142857142857
16,Mode,Feeling anxious,0.47368421052631576
16,Mode,Feeling of guilt,0.36363636363636365
16,Mode,Problems of bonding with baby,0.16
16,"KNN (Hamming, k=7)",Age,0.15
16,"KNN (Hamming, k=7)",Feeling sad or Tearful,0.5294117647058824
16,"KNN (Hamming, k=7)",Irritable towards baby & partner,0.48
16,"KNN (Hamming, k=7)",Trouble sleeping at night,0.6
16,"KNN (Hamming, k=7)",Problems concentrating or making decision,0.4782608695652174
16,"KNN (Hamming, k=7)",Overeating or loss of appetite,0.75
16,"KNN (Hamming, k=7)",Feeling anxious,0.5789473684210527
16,"KNN (Hamming, k=7)",Feeling of guilt,0.5
16,"KNN (Hamming, k=7)",Problems of bonding with baby,0.44
16,MICE (logistic),Age,0.1
16,MICE (logistic),Feeling sad or Tearful,0.5882352941176471
16,MICE (logistic),Irritable towards baby & partner,0.52
16,MICE (logistic),Trouble sleeping at night,0.32
16,MICE (logistic),Problems concentrating or making decision,0.43478260869565216
16,MICE (logistic),Overeating or loss of appetite,0.8214285714285714
16,MICE (logistic),Feeling anxious,0.6842105263157895
16,MICE (logistic),Feeling of guilt,0.5454545454545454
16,MICE (logistic),Problems of bonding with baby,0.56
16,MICE (random forest),Age,0.15
16,MICE (random forest),Feeling sad or Tearful,0.47058823529411764
16,MICE (random forest),Irritable towards baby & partner,0.52
16,MICE (random forest),Trouble sleeping at night,0.52
16,MICE (random forest),Problems concentrating or making decision,0.6086956521739131
16,MICE (random forest),Overeating or loss of appetite,0.8928571428571429
16,MICE (random forest),Feeling anxious,0.7368421052631579
16,MICE (random forest),Feeling of guilt,0.5
16,MICE (random forest),Problems of bonding with baby,0.4
16,Iterative MCA (2 dims),Age,0.15
16,Iterative MCA (2 dims),Feeling sad or Tearful,0.47058823529411764
16,Iterative MCA (2 dims),Irritable towards baby & partner,0.28
16,Iterative MCA (2 dims),Trouble sleeping at night,0.28
16,Iterative MCA (2 dims),Problems concentrating or making decision,0.4782608695652174
16,Iterative MCA (2 dims),Overeating or loss of appetite,0.7857142857142857
16,Iterative MCA (2 dims),Feeling anxious,0.5263157894736842
16,Iterative MCA (2 dims),Feeling of guilt,0.5
16,Iterative MCA (2 dims),Problems of bonding with baby,0.4
17,Marginal sampling,Age,0.17391304347826086
17,Marginal sampling,Feeling sad or Tearful,0.19047619047619047
17,Marginal sampling,Irritable towards baby & partner,0.34782608695652173
17,Marginal sampling,Trouble sleeping at night,0.39285714285714285
17,Marginal sampling,Problems concentrating or making decision,0.35714285714285715
17,Marginal sampling,Overeating or loss of appetite,0.6086956521739131
17,Marginal sampling,Feeling anxious,0.5862068965517241
17,Marginal sampling,Feeling of guilt,0.34782608695652173
17,Marginal sampling,Problems of bonding with baby,0.47368421052631576
17,Mode,Age,0.2608695652173913
17,Mode,Feeling sad or Tearful,0.5238095238095238
17,Mode,Irritable towards baby & partner,0.43478260869565216
17,Mode,Trouble sleeping at night,0.39285714285714285
17,Mode,Problems concentrating or making decision,0.39285714285714285
17,Mode,Overeating or loss of appetite,0.8695652173913043
17,Mode,Feeling anxious,0.7241379310344828
17,Mode,Feeling of guilt,0.391304347826087
17,Mode,Problems of bonding with baby,0.21052631578947367
17,"KNN (Hamming, k=7)",Age,0.21739130434782608
17,"KNN (Hamming, k=7)",Feeling sad or Tearful,0.38095238095238093
17,"KNN (Hamming, k=7)",Irritable towards baby & partner,0.4782608695652174
17,"KNN (Hamming, k=7)",Trouble sleeping at night,0.5
17,"KNN (Hamming, k=7)",Problems concentrating or making decision,0.42857142857142855
17,"KNN (Hamming, k=7)",Overeating or loss of appetite,0.8695652173913043
17,"KNN (Hamming, k=7)",Feeling anxious,0.7241379310344828
17,"KNN (Hamming, k=7)",Feeling of guilt,0.6521739130434783
17,"KNN (Hamming, k=7)",Problems of bonding with baby,0.3157894736842105
17,MICE (logistic),Age,0.30434782608695654
17,MICE (logistic),Feeling sad or Tearful,0.23809523809523808
17,MICE (logistic),Irritable towards baby & partner,0.43478260869565216
17,MICE (logistic),Trouble sleeping at night,0.35714285714285715
17,MICE (logistic),Problems concentrating or making decision,0.4642857142857143
17,MICE (logistic),Overeating or loss of appetite,0.782608695652174
17,MICE (logistic),Feeling anxious,0.7586206896551724
17,MICE (logistic),Feeling of guilt,0.43478260869565216
17,MICE (logistic),Problems of bonding with baby,0.3684210526315789
17,MICE (random forest),Age,0.17391304347826086
17,MICE (random forest),Feeling sad or Tearful,0.3333333333333333
17,MICE (random forest),Irritable towards baby & partner,0.4782608695652174
17,MICE (random forest),Trouble sleeping at night,0.5
17,MICE (random forest),Problems concentrating or making decision,0.5357142857142857
17,MICE (random forest),Overeating or loss of appetite,0.8695652173913043
17,MICE (random forest),Feeling anxious,0.7241379310344828
17,MICE (random forest),Feeling of guilt,0.4782608695652174
17,MICE (random forest),Problems of bonding with baby,0.3684210526315789
17,Iterative MCA (2 dims),Age,0.17391304347826086
17,Iterative MCA (2 dims),Feeling sad or Tearful,0.3333333333333333
17,Iterative MCA (2 dims),Irritable towards baby & partner,0.391304347826087
17,Iterative MCA (2 dims),Trouble sleeping at night,0.35714285714285715
17,Iterative MCA (2 dims),Problems concentrating or making decision,0.39285714285714285
17,Iterative MCA (2 dims),Overeating or loss of appetite,0.782608695652174
17,Iterative MCA (2 dims),Feeling anxious,0.7931034482758621
17,Iterative MCA (2 dims),Feeling of guilt,0.34782608695652173
17,Iterative MCA (2 dims),Problems of bonding with baby,0.42105263157894735
18,Marginal sampling,Age,0.20833333333333334
18,Marginal sampling,Feeling sad or Tearful,0.25
18,Marginal sampling,Irritable towards baby & partner,0.47368421052631576
18,Marginal sampling,Trouble sleeping at night,0.47619047619047616
18,Marginal sampling,Problems concentrating or making decision,0.30434782608695654
18,Marginal sampling,Overeating or loss of appetite,0.7083333333333334
18,Marginal sampling,Feeling anxious,0.5833333333333334
18,Marginal sampling,Feeling of guilt,0.45
18,Marginal sampling,Problems of bonding with baby,0.38461538461538464
18,Mode,Age,0.375
18,Mode,Feeling sad or Tearful,0.5
18,Mode,Irritable towards baby & partner,0.47368421052631576
18,Mode,Trouble sleeping at night,0.5238095238095238
18,Mode,Problems concentrating or making decision,0.34782608695652173
18,Mode,Overeating or loss of appetite,0.875
18,Mode,Feeling anxious,0.3333333333333333
18,Mode,Feeling of guilt,0.5
18,Mode,Problems of bonding with baby,0.38461538461538464
18,"KNN (Hamming, k=7)",Age,0.125
18,"KNN (Hamming, k=7)",Feeling sad or Tearful,0.6
18,"KNN (Hamming, k=7)",Irritable towards baby & partner,0.42105263157894735
18,"KNN (Hamming, k=7)",Trouble sleeping at night,0.5238095238095238
18,"KNN (Hamming, k=7)",Problems concentrating or making decision,0.5217391304347826
18,"KNN (Hamming, k=7)",Overeating or loss of appetite,0.7916666666666666
18,"KNN (Hamming, k=7)",Feeling anxious,0.5416666666666666
18,"KNN (Hamming, k=7)",Feeling of guilt,0.55
18,"KNN (Hamming, k=7)",Problems of bonding with baby,0.5769230769230769
18,MICE (logistic),Age,0.20833333333333334
18,MICE (logistic),Feeling sad or Tearful,0.5
18,MICE (logistic),Irritable towards baby & partner,0.5263157894736842
18,MICE (logistic),Trouble sleeping at night,0.38095238095238093
18,MICE (logistic),Problems concentrating or making decision,0.34782608695652173
18,MICE (logistic),Overeating or loss of appetite,0.9166666666666666
18,MICE (logistic),Feeling anxious,0.5
18,MICE (logistic),Feeling of guilt,0.5
18,MICE (logistic),Problems of bonding with baby,0.46153846153846156
18,MICE (random forest),Age,0.20833333333333334
18,MICE (random forest),Feeling sad or Tearful,0.5
18,MICE (random forest),Irritable towards baby & partner,0.3684210526315789
18,MICE (random forest),Trouble sleeping at night,0.5714285714285714
18,MICE (random forest),Problems concentrating or making decision,0.5217391304347826
18,MICE (random forest),Overeating or loss of appetite,0.8333333333333334
18,MICE (random forest),Feeling anxious,0.6666666666666666
18,MICE (random forest),Feeling of guilt,0.55
18,MICE (random forest),Problems of bonding with baby,0.5769230769230769
18,Iterative MCA (2 dims),Age,0.25
18,Iterative MCA (2 dims),Feeling sad or Tearful,0.5
18,Iterative MCA (2 dims),Irritable towards baby & partner,0.42105263157894735
18,Iterative MCA (2 dims),Trouble sleeping at night,0.42857142857142855
18,Iterative MCA (2 dims),Problems concentrating or making decision,0.34782608695652173
18,Iterative MCA (2 dims),Overeating or loss of appetite,0.7916666666666666
18,Iterative MCA (2 dims),Feeling anxious,0.4583333333333333
18,Iterative MCA (2 dims),Feeling of guilt,0.5
18,Iterative MCA (2 dims),Problems of bonding with baby,0.5384615384615384
19,Marginal sampling,Age,0.24242424242424243
19,Marginal sampling,Feeling sad or Tearful,0.2692307692307692
19,Marginal sampling,Irritable towards baby & partner,0.39285714285714285
19,Marginal sampling,Trouble sleeping at night,0.2692307692307692
19,Marginal sampling,Problems concentrating or making decision,0.28
19,Marginal sampling,Overeating or loss of appetite,0.6086956521739131
19,Marginal sampling,Feeling anxious,0.5714285714285714
19,Marginal sampling,Feeling of guilt,0.2727272727272727
19,Marginal sampling,Problems of bonding with baby,0.35
19,Mode,Age,0.24242424242424243
19,Mode,Feeling sad or Tearful,0.4230769230769231
19,Mode,Irritable towards baby & partner,0.17857142857142858
19,Mode,Trouble sleeping at night,0.19230769230769232
19,Mode,Problems concentrating or making decision,0.2
19,Mode,Overeating or loss of appetite,0.6956521739130435
19,Mode,Feeling anxious,0.6785714285714286
19,Mode,Feeling of guilt,0.45454545454545453
19,Mode,Problems of bonding with baby,0.3
19,"KNN (Hamming, k=7)",Age,0.18181818181818182
19,"KNN (Hamming, k=7)",Feeling sad or Tearful,0.5384615384615384
19,"KNN (Hamming, k=7)",Irritable towards baby & partner,0.21428571428571427
19,"KNN (Hamming, k=7)",Trouble sleeping at night,0.5
19,"KNN (Hamming, k=7)",Problems concentrating or making decision,0.32
19,"KNN (Hamming, k=7)",Overeating or loss of appetite,0.6956521739130435
19,"KNN (Hamming, k=7)",Feeling anxious,0.7142857142857143
19,"KNN (Hamming, k=7)",Feeling of guilt,0.5
19,"KNN (Hamming, k=7)",Problems of bonding with baby,0.6
19,MICE (logistic),Age,0.12121212121212122
19,MICE (logistic),Feeling sad or Tearful,0.34615384615384615
19,MICE (logistic),Irritable towards baby & partner,0.21428571428571427
19,MICE (logistic),Trouble sleeping at night,0.2692307692307692
19,MICE (logistic),Problems concentrating or making decision,0.4
19,MICE (logistic),Overeating or loss of appetite,0.6956521739130435
19,MICE (logistic),Feeling anxious,0.75
19,MICE (logistic),Feeling of guilt,0.45454545454545453
19,MICE (logistic),Problems of bonding with baby,0.5
19,MICE (random forest),Age,0.24242424242424243
19,MICE (random forest),Feeling sad or Tearful,0.4230769230769231
19,MICE (random forest),Irritable towards baby & partner,0.2857142857142857
19,MICE (random forest),Trouble sleeping at night,0.38461538461538464
19,MICE (random forest),Problems concentrating or making decision,0.32
19,MICE (random forest),Overeating or loss of appetite,0.6956521739130435
19,MICE (random forest),Feeling anxious,0.7857142857142857
19,MICE (random forest),Feeling of guilt,0.5
19,MICE (random forest),Problems of bonding with baby,0.45
19,Iterative MCA (2 dims),Age,0.18181818181818182
19,Iterative MCA (2 dims),Feeling sad or Tearful,0.34615384615384615
19,Iterative MCA (2 dims),Irritable towards baby & partner,0.32142857142857145
19,Iterative MCA (2 dims),Trouble sleeping at night,0.11538461538461539
19,Iterative MCA (2 dims),Problems concentrating or making decision,0.28
19,Iterative MCA (2 dims),Overeating or loss of appetite,0.782608695652174
19,Iterative MCA (2 dims),Feeling anxious,0.6428571428571429
19,Iterative MCA (2 dims),Feeling of guilt,0.4090909090909091
19,Iterative MCA (2 dims),Problems of bonding with baby,0.8
20,Marginal sampling,Age,0.12903225806451613
20,Marginal sampling,Feeling sad or Tearful,0.4
20,Marginal sampling,Irritable towards baby & partner,0.5384615384615384
20,Marginal sampling,Trouble sleeping at night,0.25
20,Marginal sampling,Problems concentrating or making decision,0.42857142857142855
20,Marginal sampling,Overeating or loss of appetite,0.43478260869565216
20,Marginal sampling,Feeling anxious,0.6551724137931034
20,Marginal sampling,Feeling of guilt,0.43478260869565216
20,Marginal sampling,Problems of bonding with baby,0.27586206896551724
20,Mode,Age,0.1935483870967742
20,Mode,Feeling sad or Tearful,0.32
20,Mode,Irritable towards baby & partner,0.5384615384615384
20,Mode,Trouble sleeping at night,0.45
20,Mode,Problems concentrating or making decision,0.3333333333333333
20,Mode,Overeating or loss of appetite,0.6956521739130435
20,Mode,Feeling anxious,0.5862068965517241
20,Mode,Feeling of guilt,0.34782608695652173
20,Mode,Problems of bonding with baby,0.2413793103448276
20,"KNN (Hamming, k=7)",Age,0.12903225806451613
20,"KNN (Hamming, k=7)",Feeling sad or Tearful,0.4
20,"KNN (Hamming, k=7)",Irritable towards baby & partner,0.5769230769230769
20,"KNN (Hamming, k=7)",Trouble sleeping at night,0.4
20,"KNN (Hamming, k=7)",Problems concentrating or making decision,0.38095238095238093
20,"KNN (Hamming, k=7)",Overeating or loss of appetite,0.6521739130434783
20,"KNN (Hamming, k=7)",Feeling anxious,0.896551724137931
20,"KNN (Hamming, k=7)",Feeling of guilt,0.43478260869565216
20,"KNN (Hamming, k=7)",Problems of bonding with baby,0.41379310344827586
20,MICE (logistic),Age,0.1935483870967742
20,MICE (logistic),Feeling sad or Tearful,0.4
20,MICE (logistic),Irritable towards baby & partner,0.6153846153846154
20,MICE (logistic),Trouble sleeping at night,0.5
20,MICE (logistic),Problems concentrating or making decision,0.5714285714285714
20,MICE (logistic),Overeating or loss of appetite,0.6956521739130435
20,MICE (logistic),Feeling anxious,0.8275862068965517
20,MICE (logistic),Feeling of guilt,0.4782608695652174
20,MICE (logistic),Problems of bonding with baby,0.3793103448275862
20,MICE (random forest),Age,0.16129032258064516
20,MICE (random forest),Feeling sad or Tearful,0.36
20,MICE (random forest),Irritable towards baby & partner,0.5
20,MICE (random forest),Trouble sleeping at night,0.5
20,MICE (random forest),Problems concentrating or making decision,0.5238095238095238
20,MICE (random forest),Overeating or loss of appetite,0.7391304347826086
20,MICE (random forest),Feeling anxious,0.896551724137931
20,MICE (random forest),Feeling of guilt,0.6086956521739131
20,MICE (random forest),Problems of bonding with baby,0.5172413793103449
20,Iterative MCA (2 dims),Age,0.12903225806451613
20,Iterative MCA (2 dims),Feeling sad or Tearful,0.44
20,Iterative MCA (2 dims),Irritable towards baby & partner,0.46153846153846156
20,Iterative MCA (2 dims),Trouble sleeping at night,0.3
20,Iterative MCA (2 dims),Problems concentrating or making decision,0.3333333333333333
20,Iterative MCA (2 dims),Overeating or loss of appetite,0.782608695652174
20,Iterative MCA (2 dims),Feeling anxious,0.6896551724137931
20,Iterative MCA (2 dims),Feeling of guilt,0.391304347826087
20,Iterative MCA (2 dims),Problems of bonding with baby,0.41379310344827586
21,Marginal sampling,Age,0.2413793103448276
21,Marginal sampling,Feeling sad or Tearful,0.3684210526315789
21,Marginal sampling,Irritable towards baby & partner,0.391304347826087
21,Marginal sampling,Trouble sleeping at night,0.34615384615384615
21,Marginal sampling,Problems concentrating or making decision,0.3548387096774194
21,Marginal sampling,Overeating or loss of appetite,0.3548387096774194
21,Marginal sampling,Feeling anxious,0.56
21,Marginal sampling,Feeling of guilt,0.2857142857142857
21,Marginal sampling,Problems of bonding with baby,0.2857142857142857
21,Mode,Age,0.20689655172413793
21,Mode,Feeling sad or Tearful,0.5263157894736842
21,Mode,Irritable towards baby & partner,0.391304347826087
21,Mode,Trouble sleeping at night,0.5384615384615384
21,Mode,Problems concentrating or making decision,0.2903225806451613
21,Mode,Overeating or loss of appetite,0.6129032258064516
21,Mode,Feeling anxious,0.44
21,Mode,Feeling of guilt,0.5714285714285714
21,Mode,Problems of bonding with baby,0.42857142857142855
21,"KNN (Hamming, k=7)",Age,0.1724137931034483
21,"KNN (Hamming, k=7)",Feeling sad or Tearful,0.42105263157894735
21,"KNN (Hamming, k=7)",Irritable towards baby & partner,0.4782608695652174
21,"KNN (Hamming, k=7)",Trouble sleeping at night,0.5384615384615384
21,"KNN (Hamming, k=7)",Problems concentrating or making decision,0.3870967741935484
21,"KNN (Hamming, k=7)",Overeating or loss of appetite,0.7096774193548387
21,"KNN (Hamming, k=7)",Feeling anxious,0.6
21,"KNN (Hamming, k=7)",Feeling of guilt,0.5714285714285714
21,"KNN (Hamming, k=7)",Problems of bonding with baby,0.35714285714285715
21,MICE (logistic),Age,0.20689655172413793
21,MICE (logistic),Feeling sad or Tearful,0.5263157894736842
21,MICE (logistic),Irritable towards baby & partner,0.21739130434782608
21,MICE (logistic),Trouble sleeping at night,0.46153846153846156
21,MICE (logistic),Problems concentrating or making decision,0.4838709677419355
21,MICE (logistic),Overeating or loss of appetite,0.6129032258064516
21,MICE (logistic),Feeling anxious,0.64
21,MICE (logistic),Feeling of guilt,0.4642857142857143
21,MICE (logistic),Problems of bonding with baby,0.35714285714285715
21,MICE (random forest),Age,0.20689655172413793
21,MICE (random forest),Feeling sad or Tearful,0.42105263157894735
21,MICE (random forest),Irritable towards baby & partner,0.5217391304347826
21,MICE (random forest),Trouble sleeping at night,0.5
21,MICE (random forest),Problems concentrating or making decision,0.5161290322580645
21,MICE (random forest),Overeating or loss of appetite,0.5806451612903226
21,MICE (random forest),Feeling anxious,0.6
21,MICE (random forest),Feeling of guilt,0.5714285714285714
21,MICE (random forest),Problems of bonding with baby,0.21428571428571427
21,Iterative MCA (2 dims),Age,0.20689655172413793
21,Iterative MCA (2 dims),Feeling sad or Tearful,0.3684210526315789
21,Iterative MCA (2 dims),Irritable towards baby & partner,0.34782608695652173
21,Iterative MCA (2 dims),Trouble sleeping at night,0.6538461538461539
21,Iterative MCA (2 dims),Problems concentrating or making decision,0.5161290322580645
21,Iterative MCA (2 dims),Overeating or loss of appetite,0.5806451612903226
21,Iterative MCA (2 dims),Feeling anxious,0.6
21,Iterative MCA (2 dims),Feeling of guilt,0.4642857142857143
21,Iterative MCA (2 dims),Problems of bonding with baby,0.35714285714285715
22,Marginal sampling,Age,0.20689655172413793
22,Marginal sampling,Feeling sad or Tearful,0.28
22,Marginal sampling,Irritable towards baby & partner,0.3333333333333333
22,Marginal sampling,Trouble sleeping at night,0.22580645161290322
22,Marginal sampling,Problems concentrating or making decision,0.2692307692307692
22,Marginal sampling,Overeating or loss of appetite,0.5357142857142857
22,Marginal sampling,Feeling anxious,0.38461538461538464
22,Marginal sampling,Feeling of guilt,0.42857142857142855
22,Marginal sampling,Problems of bonding with baby,0.2777777777777778
22,Mode,Age,0.3448275862068966
22,Mode,Feeling sad or Tearful,0.44
22,Mode,Irritable towards baby & partner,0.19047619047619047
22,Mode,Trouble sleeping at night,0.45161290322580644
22,Mode,Problems concentrating or making decision,0.2692307692307692
22,Mode,Overeating or loss of appetite,0.7142857142857143
22,Mode,Feeling anxious,0.6538461538461539
22,Mode,Feeling of guilt,0.5238095238095238
22,Mode,Problems of bonding with baby,0.4444444444444444
22,"KNN (Hamming, k=7)",Age,0.13793103448275862
22,"KNN (Hamming, k=7)",Feeling sad or Tearful,0.48
22,"KNN (Hamming, k=7)",Irritable towards baby & partner,0.5238095238095238
22,"KNN (Hamming, k=7)",Trouble sleeping at night,0.4838709677419355
22,"KNN (Hamming, k=7)",Problems concentrating or making decision,0.4230769230769231
22,"KNN (Hamming, k=7)",Overeating or loss of appetite,0.7857142857142857
22,"KNN (Hamming, k=7)",Feeling anxious,0.6153846153846154
22,"KNN (Hamming, k=7)",Feeling of guilt,0.42857142857142855
22,"KNN (Hamming, k=7)",Problems of bonding with baby,0.3888888888888889
22,MICE (logistic),Age,0.1724137931034483
22,MICE (logistic),Feeling sad or Tearful,0.32
22,MICE (logistic),Irritable towards baby & partner,0.38095238095238093
22,MICE (logistic),Trouble sleeping at night,0.41935483870967744
22,MICE (logistic),Problems concentrating or making decision,0.3076923076923077
22,MICE (logistic),Overeating or loss of appetite,0.6785714285714286
22,MICE (logistic),Feeling anxious,0.7307692307692307
22,MICE (logistic),Feeling of guilt,0.6666666666666666
22,MICE (logistic),Problems of bonding with baby,0.2222222222222222
22,MICE (random forest),Age,0.2413793103448276
22,MICE (random forest),Feeling sad or Tearful,0.36
22,MICE (random forest),Irritable towards baby & partner,0.42857142857142855
22,MICE (random forest),Trouble sleeping at night,0.4838709677419355
22,MICE (random forest),Problems concentrating or making decision,0.4230769230769231
22,MICE (random forest),Overeating or loss of appetite,0.7142857142857143
22,MICE (random forest),Feeling anxious,0.6923076923076923
22,MICE (random forest),Feeling of guilt,0.6190476190476191
22,MICE (random forest),Problems of bonding with baby,0.5
22,Iterative MCA (2 dims),Age,0.1724137931034483
22,Iterative MCA (2 dims),Feeling sad or Tearful,0.36
22,Iterative MCA (2 dims),Irritable towards baby & partner,0.2857142857142857
22,Iterative MCA (2 dims),Trouble sleeping at night,0.45161290322580644
22,Iterative MCA (2 dims),Problems concentrating or making decision,0.2692307692307692
22,Iterative MCA (2 dims),Overeating or loss of appetite,0.7142857142857143
22,Iterative MCA (2 dims),Feeling anxious,0.8076923076923077
22,Iterative MCA (2 dims),Feeling of guilt,0.5714285714285714
22,Iterative MCA (2 dims),Problems of bonding with baby,0.2777777777777778
23,Marginal sampling,Age,0.1875
23,Marginal sampling,Feeling sad or Tearful,0.3157894736842105
23,Marginal sampling,Irritable towards baby & partner,0.19230769230769232
23,Marginal sampling,Trouble sleeping at night,0.34615384615384615
23,Marginal sampling,Problems concentrating or making decision,0.2916666666666667
23,Marginal sampling,Overeating or loss of appetite,0.4666666666666667
23,Marginal sampling,Feeling anxious,0.3333333333333333
23,Marginal sampling,Feeling of guilt,0.2608695652173913
23,Marginal sampling,Problems of bonding with baby,0.375
23,Mode,Age,0.3125
23,Mode,Feeling sad or Tearful,0.5263157894736842
23,Mode,Irritable towards baby & partner,0.23076923076923078
23,Mode,Trouble sleeping at night,0.46153846153846156
23,Mode,Problems concentrating or making decision,0.4166666666666667
23,Mode,Overeating or loss of appetite,0.6
23,Mode,Feeling anxious,0.6190476190476191
23,Mode,Feeling of guilt,0.34782608695652173
23,Mode,Problems of bonding with baby,0.4583333333333333
23,"KNN (Hamming, k=7)",Age,0.1875
23,"KNN (Hamming, k=7)",Feeling sad or Tearful,0.42105263157894735
23,"KNN (Hamming, k=7)",Irritable towards baby & partner,0.23076923076923078
23,"KNN (Hamming, k=7)",Trouble sleeping at night,0.4230769230769231
23,"KNN (Hamming, k=7)",Problems concentrating or making decision,0.3333333333333333
23,"KNN (Hamming, k=7)",Overeating or loss of appetite,0.6666666666666666
23,"KNN (Hamming, k=7)",Feeling anxious,0.7142857142857143
23,"KNN (Hamming, k=7)",Feeling of guilt,0.391304347826087
23,"KNN (Hamming, k=7)",Problems of bonding with baby,0.4166666666666667
23,MICE (logistic),Age,0.1875
23,MICE (logistic),Feeling sad or Tearful,0.47368421052631576
23,MICE (logistic),Irritable towards baby & partner,0.2692307692307692
23,MICE (logistic),Trouble sleeping at night,0.34615384615384615
23,MICE (logistic),Problems concentrating or making decision,0.4583333333333333
23,MICE (logistic),Overeating or loss of appetite,0.4666666666666667
23,MICE (logistic),Feeling anxious,0.9047619047619048
23,MICE (logistic),Feeling of guilt,0.6086956521739131
23,MICE (logistic),Problems of bonding with baby,0.4166666666666667
23,MICE (random forest),Age,0.0625
23,MICE (random forest),Feeling sad or Tearful,0.47368421052631576
23,MICE (random forest),Irritable towards baby & partner,0.2692307692307692
23,MICE (random forest),Trouble sleeping at night,0.4230769230769231
23,MICE (random forest),Problems concentrating or making decision,0.5416666666666666
23,MICE (random forest),Overeating or loss of appetite,0.6666666666666666
23,MICE (random forest),Feeling anxious,0.9047619047619048
23,MICE (random forest),Feeling of guilt,0.5652173913043478
23,MICE (random forest),Problems of bonding with baby,0.4583333333333333
23,Iterative MCA (2 dims),Age,0.125
23,Iterative MCA (2 dims),Feeling sad or Tearful,0.3684210526315789
23,Iterative MCA (2 dims),Irritable towards baby & partner,0.2692307692307692
23,Iterative MCA (2 dims),Trouble sleeping at night,0.38461538461538464
23,Iterative MCA (2 dims),Problems concentrating or making decision,0.3333333333333333
23,Iterative MCA (2 dims),Overeating or loss of appetite,0.6666666666666666
23,Iterative MCA (2 dims),Feeling anxious,0.8095238095238095
23,Iterative MCA (2 dims),Feeling of guilt,0.391304347826087
23,Iterative MCA (2 dims),Problems of bonding with baby,0.2916666666666667
24,Marginal sampling,Age,0.2
24,Marginal sampling,Feeling sad or Tearful,0.3333333333333333
24,Marginal sampling,Irritable towards baby & partner,0.48
24,Marginal sampling,Trouble sleeping at night,0.3333333333333333
24,Marginal sampling,Problems concentrating or making decision,0.3684210526315789
24,Marginal sampling,Overeating or loss of appetite,0.6774193548387096
24,Marginal sampling,Feeling anxious,0.5483870967741935
24,Marginal sampling,Feeling of guilt,0.37037037037037035
24,Marginal sampling,Problems of bonding with baby,0.2916666666666667
24,Mode,Age,0.2
24,Mode,Feeling sad or Tearful,0.47619047619047616
24,Mode,Irritable towards baby & partner,0.48
24,Mode,Trouble sleeping at night,0.2916666666666667
24,Mode,Problems concentrating or making decision,0.3157894736842105
24,Mode,Overeating or loss of appetite,0.6774193548387096
24,Mode,Feeling anxious,0.6774193548387096
24,Mode,Feeling of guilt,0.4074074074074074
24,Mode,Problems of bonding with baby,0.20833333333333334
24,"KNN (Hamming, k=7)",Age,0.15
24,"KNN (Hamming, k=7)",Feeling sad or Tearful,0.47619047619047616
24,"KNN (Hamming, k=7)",Irritable towards baby & partner,0.44
24,"KNN (Hamming, k=7)",Trouble sleeping at night,0.5833333333333334
24,"KNN (Hamming, k=7)",Problems concentrating or making decision,0.21052631578947367
24,"KNN (Hamming, k=7)",Overeating or loss of appetite,0.6774193548387096
24,"KNN (Hamming, k=7)",Feeling anxious,0.6774193548387096
24,"KNN (Hamming, k=7)",Feeling of guilt,0.4444444444444444
24,"KNN (Hamming, k=7)",Problems of bonding with baby,0.25
24,MICE (logistic),Age,0.2
24,MICE (logistic),Feeling sad or Tearful,0.5714285714285714
24,MICE (logistic),Irritable towards baby & partner,0.44
24,MICE (logistic),Trouble sleeping at night,0.375
24,MICE (logistic),Problems concentrating or making decision,0.3684210526315789
24,MICE (logistic),Overeating or loss of appetite,0.7419354838709677
24,MICE (logistic),Feeling anxious,0.7419354838709677
24,MICE (logistic),Feeling of guilt,0.4074074074074074
24,MICE (logistic),Problems of bonding with baby,0.25
24,MICE (random forest),Age,0.05
24,MICE (random forest),Feeling sad or Tearful,0.47619047619047616
24,MICE (random forest),Irritable towards baby & partner,0.52
24,MICE (random forest),Trouble sleeping at night,0.4166666666666667
24,MICE (random forest),Problems concentrating or making decision,0.2631578947368421
24,MICE (random forest),Overeating or loss of appetite,0.7096774193548387
24,MICE (random forest),Feeling anxious,0.7741935483870968
24,MICE (random forest),Feeling of guilt,0.4444444444444444
24,MICE (random forest),Problems of bonding with baby,0.2916666666666667
24,Iterative MCA (2 dims),Age,0.2
24,Iterative MCA (2 dims),Feeling sad or Tearful,0.5238095238095238
24,Iterative MCA (2 dims),Irritable towards baby & partner,0.4
24,Iterative MCA (2 dims),Trouble sleeping at night,0.5
24,Iterative MCA (2 dims),Problems concentrating or making decision,0.15789473684210525
24,Iterative MCA (2 dims),Overeating or loss of appetite,0.6451612903225806
24,Iterative MCA (2 dims),Feeling anxious,0.7741935483870968
24,Iterative MCA (2 dims),Feeling of guilt,0.4074074074074074
24,Iterative MCA (2 dims),Problems of bonding with baby,0.3333333333333333
25,Marginal sampling,Age,0.23333333333333334
25,Marginal sampling,Feeling sad or Tearful,0.3684210526315789
25,Marginal sampling,Irritable towards baby & partner,0.2777777777777778
25,Marginal sampling,Trouble sleeping at night,0.3793103448275862
25,Marginal sampling,Problems concentrating or making decision,0.3888888888888889
25,Marginal sampling,Overeating or loss of appetite,0.56
25,Marginal sampling,Feeling anxious,0.5
25,Marginal sampling,Feeling of guilt,0.3333333333333333
25,Marginal sampling,Problems of bonding with baby,0.3333333333333333
25,Mode,Age,0.3333333333333333
25,Mode,Feeling sad or Tearful,0.5263157894736842
25,Mode,Irritable towards baby & partner,0.3333333333333333
25,Mode,Trouble sleeping at night,0.3793103448275862
25,Mode,Problems concentrating or making decision,0.5555555555555556
25,Mode,Overeating or loss of appetite,0.84
25,Mode,Feeling anxious,0.6363636363636364
25,Mode,Feeling of guilt,0.375
25,Mode,Problems of bonding with baby,0.375
25,"KNN (Hamming, k=7)",Age,0.13333333333333333
25,"KNN (Hamming, k=7)",Feeling sad or Tearful,0.5263157894736842
25,"KNN (Hamming, k=7)",Irritable towards baby & partner,0.4444444444444444
25,"KNN (Hamming, k=7)",Trouble sleeping at night,0.4827586206896552
25,"KNN (Hamming, k=7)",Problems concentrating or making decision,0.2222222222222222
25,"KNN (Hamming, k=7)",Overeating or loss of appetite,0.8
25,"KNN (Hamming, k=7)",Feeling anxious,0.7727272727272727
25,"KNN (Hamming, k=7)",Feeling of guilt,0.5416666666666666
25,"KNN (Hamming, k=7)",Problems of bonding with baby,0.6666666666666666
25,MICE (logistic),Age,0.13333333333333333
25,MICE (logistic),Feeling sad or Tearful,0.42105263157894735
25,MICE (logistic),Irritable towards baby & partner,0.5555555555555556
25,MICE (logistic),Trouble sleeping at night,0.4827586206896552
25,MICE (logistic),Problems concentrating or making decision,0.4444444444444444
25,MICE (logistic),Overeating or loss of appetite,0.76
25,MICE (logistic),Feeling anxious,0.6363636363636364
25,MICE (logistic),Feeling of guilt,0.5416666666666666
25,MICE (logistic),Problems of bonding with baby,0.625
25,MICE (random forest),Age,0.2
25,MICE (random forest),Feeling sad or Tearful,0.5263157894736842
25,MICE (random forest),Irritable towards baby & partner,0.2777777777777778
25,MICE (random forest),Trouble sleeping at night,0.5172413793103449
25,MICE (random forest),Problems concentrating or making decision,0.3333333333333333
25,MICE (random forest),Overeating or loss of appetite,0.8
25,MICE (random forest),Feeling anxious,0.7272727272727273
25,MICE (random forest),Feeling of guilt,0.5
25,MICE (random forest),Problems of bonding with baby,0.625
25,Iterative MCA (2 dims),Age,0.16666666666666666
25,Iterative MCA (2 dims),Feeling sad or Tearful,0.631578947368421
25,Iterative MCA (2 dims),Irritable towards baby & partner,0.4444444444444444
25,Iterative MCA (2 dims),Trouble sleeping at night,0.41379310344827586
25,Iterative MCA (2 dims),Problems concentrating or making decision,0.3888888888888889
25,Iterative MCA (2 dims),Overeating or loss of appetite,0.76
25,Iterative MCA (2 dims),Feeling anxious,0.7272727272727273
25,Iterative MCA (2 dims),Feeling of guilt,0.5
25,Iterative MCA (2 dims),Problems of bonding with baby,0.375
26,Marginal sampling,Age,0.1111111111111111
26,Marginal sampling,Feeling sad or Tearful,0.39285714285714285
26,Marginal sampling,Irritable towards baby & partner,0.4827586206896552
26,Marginal sampling,Trouble sleeping at night,0.34615384615384615
26,Marginal sampling,Problems concentrating or making decision,0.36666666666666664
26,Marginal sampling,Overeating or loss of appetite,0.52
26,Marginal sampling,Feeling anxious,0.6666666666666666
26,Marginal sampling,Feeling of guilt,0.5909090909090909
26,Marginal sampling,Problems of bonding with baby,0.44
26,Mode,Age,0.16666666666666666
26,Mode,Feeling sad or Tearful,0.39285714285714285
26,Mode,Irritable towards baby & partner,0.27586206896551724
26,Mode,Trouble sleeping at night,0.15384615384615385
26,Mode,Problems concentrating or making decision,0.36666666666666664
26,Mode,Overeating or loss of appetite,0.8
26,Mode,Feeling anxious,0.5
26,Mode,Feeling of guilt,0.3181818181818182
26,Mode,Problems of bonding with baby,0.36
26,"KNN (Hamming, k=7)",Age,0.2222222222222222
26,"KNN (Hamming, k=7)",Feeling sad or Tearful,0.5
26,"KNN (Hamming, k=7)",Irritable towards baby & partner,0.4482758620689655
26,"KNN (Hamming, k=7)",Trouble sleeping at night,0.46153846153846156
26,"KNN (Hamming, k=7)",Problems concentrating or making decision,0.4
26,"KNN (Hamming, k=7)",Overeating or loss of appetite,0.8
26,"KNN (Hamming, k=7)",Feeling anxious,0.75
26,"KNN (Hamming, k=7)",Feeling of guilt,0.4090909090909091
26,"KNN (Hamming, k=7)",Problems of bonding with baby,0.4
26,MICE (logistic),Age,0.2777777777777778
26,MICE (logistic),Feeling sad or Tearful,0.35714285714285715
26,MICE (logistic),Irritable towards baby & partner,0.4827586206896552
26,MICE (logistic),Trouble sleeping at night,0.38461538461538464
26,MICE (logistic),Problems concentrating or making decision,0.3
26,MICE (logistic),Overeating or loss of appetite,0.76
26,MICE (logistic),Feeling anxious,0.6666666666666666
26,MICE (logistic),Feeling of guilt,0.5
26,MICE (logistic),Problems of bonding with baby,0.4
26,MICE (random forest),Age,0.1111111111111111
26,MICE (random forest),Feeling sad or Tearful,0.6428571428571429
26,MICE (random forest),Irritable towards baby & partner,0.3448275862068966
26,MICE (random forest),Trouble sleeping at night,0.46153846153846156
26,MICE (random forest),Problems concentrating or making decision,0.5
26,MICE (random forest),Overeating or loss of appetite,0.72
26,MICE (random forest),Feeling anxious,0.8333333333333334
26,MICE (random forest),Feeling of guilt,0.5909090909090909
26,MICE (random forest),Problems of bonding with baby,0.36
26,Iterative MCA (2 dims),Age,0.3888888888888889
26,Iterative MCA (2 dims),Feeling sad or Tearful,0.5
26,Iterative MCA (2 dims),Irritable towards baby & partner,0.3448275862068966
26,Iterative MCA (2 dims),Trouble sleeping at night,0.5
26,Iterative MCA (2 dims),Problems concentrating or making decision,0.36666666666666664
26,Iterative MCA (2 dims),Overeating or loss of appetite,0.68
26,Iterative MCA (2 dims),Feeling anxious,0.7083333333333334
26,Iterative MCA (2 dims),Feeling of guilt,0.45454545454545453
26,Iterative MCA (2 dims),Problems of bonding with baby,0.44
27,Marginal sampling,Age,0.3333333333333333
27,Marginal sampling,Feeling sad or Tearful,0.4
27,Marginal sampling,Irritable towards baby & partner,0.3333333333333333
27,Marginal sampling,Trouble sleeping at night,0.2727272727272727
27,Marginal sampling,Problems concentrating or making decision,0.15384615384615385
27,Marginal sampling,Overeating or loss of appetite,0.5909090909090909
27,Marginal sampling,Feeling anxious,0.6923076923076923
27,Marginal sampling,Feeling of guilt,0.2777777777777778
27,Marginal sampling,Problems of bonding with baby,0.375
27,Mode,Age,0.38095238095238093
27,Mode,Feeling sad or Tearful,0.4
27,Mode,Irritable towards baby & partner,0.4583333333333333
27,Mode,Trouble sleeping at night,0.3181818181818182
27,Mode,Problems concentrating or making decision,0.38461538461538464
27,Mode,Overeating or loss of appetite,0.6818181818181818
27,Mode,Feeling anxious,0.6153846153846154
27,Mode,Feeling of guilt,0.2777777777777778
27,Mode,Problems of bonding with baby,0.16666666666666666
27,"KNN (Hamming, k=7)",Age,0.2857142857142857
27,"KNN (Hamming, k=7)",Feeling sad or Tearful,0.48
27,"KNN (Hamming, k=7)",Irritable towards baby & partner,0.7083333333333334
27,"KNN (Hamming, k=7)",Trouble sleeping at night,0.22727272727272727
27,"KNN (Hamming, k=7)",Problems concentrating or making decision,0.5
27,"KNN (Hamming, k=7)",Overeating or loss of appetite,0.6818181818181818
27,"KNN (Hamming, k=7)",Feeling anxious,0.6923076923076923
27,"KNN (Hamming, k=7)",Feeling of guilt,0.6111111111111112
27,"KNN (Hamming, k=7)",Problems of bonding with baby,0.5833333333333334
27,MICE (logistic),Age,0.14285714285714285
27,MICE (logistic),Feeling sad or Tearful,0.4
27,MICE (logistic),Irritable towards baby & partner,0.5833333333333334
27,MICE (logistic),Trouble sleeping at night,0.3181818181818182
27,MICE (logistic),Problems concentrating or making decision,0.34615384615384615
27,MICE (logistic),Overeating or loss of appetite,0.6818181818181818
27,MICE (logistic),Feeling anxious,0.8076923076923077
27,MICE (logistic),Feeling of guilt,0.4444444444444444
27,MICE (logistic),Problems of bonding with baby,0.5
27,MICE (random forest),Age,0.19047619047619047
27,MICE (random forest),Feeling sad or Tearful,0.32
27,MICE (random forest),Irritable towards baby & partner,0.5833333333333334
27,MICE (random forest),Trouble sleeping at night,0.2727272727272727
27,MICE (random forest),Problems concentrating or making decision,0.5
27,MICE (random forest),Overeating or loss of appetite,0.6363636363636364
27,MICE (random forest),Feeling anxious,0.7307692307692307
27,MICE (random forest),Feeling of guilt,0.6111111111111112
27,MICE (random forest),Problems of bonding with baby,0.5416666666666666
27,Iterative MCA (2 dims),Age,0.23809523809523808
27,Iterative MCA (2 dims),Feeling sad or Tearful,0.36
27,Iterative MCA (2 dims),Irritable towards baby & partner,0.5
27,Iterative MCA (2 dims),Trouble sleeping at night,0.45454545454545453
27,Iterative MCA (2 dims),Problems concentrating or making decision,0.3076923076923077
27,Iterative MCA (2 dims),Overeating or loss of appetite,0.6818181818181818
27,Iterative MCA (2 dims),Feeling anxious,0.7307692307692307
27,Iterative MCA (2 dims),Feeling of guilt,0.2222222222222222
27,Iterative MCA (2 dims),Problems of bonding with baby,0.5416666666666666
28,Marginal sampling,Age,0.2
28,Marginal sampling,Feeling sad or Tearful,0.32
28,Marginal sampling,Irritable towards baby & partner,0.38461538461538464
28,Marginal sampling,Trouble sleeping at night,0.2857142857142857
28,Marginal sampling,Problems concentrating or making decision,0.36666666666666664
28,Marginal sampling,Overeating or loss of appetite,0.45161290322580644
28,Marginal sampling,Feeling anxious,0.3793103448275862
28,Marginal sampling,Feeling of guilt,0.4444444444444444
28,Marginal sampling,Problems of bonding with baby,0.3939393939393939
28,Mode,Age,0.16666666666666666
28,Mode,Feeling sad or Tearful,0.48
28,Mode,Irritable towards baby & partner,0.4230769230769231
28,Mode,Trouble sleeping at night,0.2857142857142857
28,Mode,Problems concentrating or making decision,0.23333333333333334
28,Mode,Overeating or loss of appetite,0.6774193548387096
28,Mode,Feeling anxious,0.6206896551724138
28,Mode,Feeling of guilt,0.4444444444444444
28,Mode,Problems of bonding with baby,0.30303030303030304
28,"KNN (Hamming, k=7)",Age,0.23333333333333334
28,"KNN (Hamming, k=7)",Feeling sad or Tearful,0.48
28,"KNN (Hamming, k=7)",Irritable towards baby & partner,0.5769230769230769
28,"KNN (Hamming, k=7)",Trouble sleeping at night,0.5238095238095238
28,"KNN (Hamming, k=7)",Problems concentrating or making decision,0.4
28,"KNN (Hamming, k=7)",Overeating or loss of appetite,0.6129032258064516
28,"KNN (Hamming, k=7)",Feeling anxious,0.6896551724137931
28,"KNN (Hamming, k=7)",Feeling of guilt,0.4444444444444444
28,"KNN (Hamming, k=7)",Problems of bonding with baby,0.5757575757575758
28,MICE (logistic),Age,0.23333333333333334
28,MICE (logistic),Feeling sad or Tearful,0.56
28,MICE (logistic),Irritable towards baby & partner,0.34615384615384615
28,MICE (logistic),Trouble sleeping at night,0.19047619047619047
28,MICE (logistic),Problems concentrating or making decision,0.4
28,MICE (logistic),Overeating or loss of appetite,0.6129032258064516
28,MICE (logistic),Feeling anxious,0.8620689655172413
28,MICE (logistic),Feeling of guilt,0.5185185185185185
28,MICE (logistic),Problems of bonding with baby,0.5454545454545454
28,MICE (random forest),Age,0.23333333333333334
28,MICE (random forest),Feeling sad or Tearful,0.56
28,MICE (random forest),Irritable towards baby & partner,0.5384615384615384
28,MICE (random forest),Trouble sleeping at night,0.42857142857142855
28,MICE (random forest),Problems concentrating or making decision,0.3333333333333333
28,MICE (random forest),Overeating or loss of appetite,0.6129032258064516
28,MICE (random forest),Feeling anxious,0.8275862068965517
28,MICE (random forest),Feeling of guilt,0.37037037037037035
28,MICE (random forest),Problems of bonding with baby,0.45454545454545453
28,Iterative MCA (2 dims),Age,0.3
28,Iterative MCA (2 dims),Feeling sad or Tearful,0.44
28,Iterative MCA (2 dims),Irritable towards baby & partner,0.5
28,Iterative MCA (2 dims),Trouble sleeping at night,0.3333333333333333
28,Iterative MCA (2 dims),Problems concentrating or making decision,0.5
28,Iterative MCA (2 dims),Overeating or loss of appetite,0.6451612903225806
28,Iterative MCA (2 dims),Feeling anxious,0.7586206896551724
28,Iterative MCA (2 dims),Feeling of guilt,0.5185185185185185
28,Iterative MCA (2 dims),Problems of bonding with baby,0.3333333333333333
29,Marginal sampling,Age,0.0
29,Marginal sampling,Feeling sad or Tearful,0.4482758620689655
29,Marginal sampling,Irritable towards baby & partner,0.25
29,Marginal sampling,Trouble sleeping at night,0.3333333333333333
29,Marginal sampling,Problems concentrating or making decision,0.42105263157894735
29,Marginal sampling,Overeating or loss of appetite,0.7058823529411765
29,Marginal sampling,Feeling anxious,0.5
29,Marginal sampling,Feeling of guilt,0.32142857142857145
29,Marginal sampling,Problems of bonding with baby,0.36363636363636365
29,Mode,Age,0.38095238095238093
29,Mode,Feeling sad or Tearful,0.41379310344827586
29,Mode,Irritable towards baby & partner,0.6
29,Mode,Trouble sleeping at night,0.38095238095238093
29,Mode,Problems concentrating or making decision,0.3157894736842105
29,Mode,Overeating or loss of appetite,0.7647058823529411
29,Mode,Feeling anxious,0.7142857142857143
29,Mode,Feeling of guilt,0.35714285714285715
29,Mode,Problems of bonding with baby,0.36363636363636365
29,"KNN (Hamming, k=7)",Age,0.14285714285714285
29,"KNN (Hamming, k=7)",Feeling sad or Tearful,0.4827586206896552
29,"KNN (Hamming, k=7)",Irritable towards baby & partner,0.55
29,"KNN (Hamming, k=7)",Trouble sleeping at night,0.38095238095238093
29,"KNN (Hamming, k=7)",Problems concentrating or making decision,0.5789473684210527
29,"KNN (Hamming, k=7)",Overeating or loss of appetite,0.7058823529411765
29,"KNN (Hamming, k=7)",Feeling anxious,0.7142857142857143
29,"KNN (Hamming, k=7)",Feeling of guilt,0.5357142857142857
29,"KNN (Hamming, k=7)",Problems of bonding with baby,0.3333333333333333
29,MICE (logistic),Age,0.2857142857142857
29,MICE (logistic),Feeling sad or Tearful,0.41379310344827586
29,MICE (logistic),Irritable towards baby & partner,0.45
29,MICE (logistic),Trouble sleeping at night,0.6190476190476191
29,MICE (logistic),Problems concentrating or making decision,0.3684210526315789
29,MICE (logistic),Overeating or loss of appetite,0.7647058823529411
29,MICE (logistic),Feeling anxious,0.5714285714285714
29,MICE (logistic),Feeling of guilt,0.5357142857142857
29,MICE (logistic),Problems of bonding with baby,0.48484848484848486
29,MICE (random forest),Age,0.23809523809523808
29,MICE (random forest),Feeling sad or Tearful,0.3103448275862069
29,MICE (random forest),Irritable towards baby & partner,0.4
29,MICE (random forest),Trouble sleeping at night,0.42857142857142855
29,MICE (random forest),Problems concentrating or making decision,0.631578947368421
29,MICE (random forest),Overeating or loss of appetite,0.7058823529411765
29,MICE (random forest),Feeling anxious,0.7142857142857143
29,MICE (random forest),Feeling of guilt,0.5
29,MICE (random forest),Problems of bonding with baby,0.36363636363636365
29,Iterative MCA (2 dims),Age,0.23809523809523808
29,Iterative MCA (2 dims),Feeling sad or Tearful,0.41379310344827586
29,Iterative MCA (2 dims),Irritable towards baby & partner,0.65
29,Iterative MCA (2 dims),Trouble sleeping at night,0.3333333333333333
29,Iterative MCA (2 dims),Problems concentrating or making decision,0.631578947368421
29,Iterative MCA (2 dims),Overeating or loss of appetite,0.7647058823529411
29,Iterative MCA (2 dims),Feeling anxious,0.7142857142857143
29,Iterative MCA (2 dims),Feeling of guilt,0.4642857142857143
29,Iterative MCA (2 dims),Problems of bonding with baby,0.36363636363636365
